model,AIC,k,n_obs,AICc,PC,region,TraitSet,DeltaAICc,Weight
WN,309.83062959091717,1,343,309.84235979619575,colorPC1,IO,Color,1.1524010477884872,0.20933888146982396
BM,416.2008520636688,1,343,416.21258226894736,colorPC1,IO,Color,107.5226235205401,1.6705118855998164e-24
EB,418.3128075273668,1,343,418.32453773264535,colorPC1,IO,Color,109.63457898423809,5.810911591170427e-25
OU,311.4732988046622,1,343,311.4850290099408,colorPC1,IO,Color,2.7950702615335103,0.09207650194719698
OUM_Diet,310.77912250928875,5,343,310.9571640523155,colorPC1,IO,Color,2.267205303908213,0.11988731419510064
OUM_Habitat,310.4449445872255,7,343,310.77927294543446,colorPC1,IO,Color,2.0893141970271927,0.13103936924853635
OUM_Symbiosis,308.51191720538054,5,343,308.68995874840726,colorPC1,IO,Color,0,0.37246940684805346
DDlin,378.6657723636386,3,343,378.7365688238156,colorPC1,IO,Color,70.04661007540835,2.2943649073632506e-16
DDexp,311.8194748117876,3,343,311.8902712719646,colorPC1,IO,Color,3.2003125235573293,0.07518852629128832
MC,418.3120798325007,3,343,418.3828762926777,colorPC1,IO,Color,109.69291754427041,5.643859719689214e-25
WN,590.9010453410275,1,343,590.9127755463061,colorPC1,IAA,Color,5.535308302740532,0.05148667024126536
BM,765.4361956262528,1,343,765.4479258315314,colorPC1,IAA,Color,180.07045858796585,6.484380221199266e-40
EB,767.4971155136118,1,343,767.5088457188904,colorPC1,IAA,Color,182.13137847532482,2.3139043634694597e-40
OU,590.9006697813128,1,343,590.9123999865914,colorPC1,IAA,Color,5.53493274302582,0.051496339308658635
OUM_Diet,585.1994257005389,5,343,585.3774672435655,colorPC1,IAA,Color,0,0.8197317030121739
OUM_Habitat,595.7659813663595,7,343,596.1003097245684,colorPC1,IAA,Color,10.722842481002886,0.003848008934935645
OUM_Symbiosis,593.2198302042766,5,343,593.3978717473033,colorPC1,IAA,Color,8.020404503737723,0.014861512886118793
DDlin,691.0432571885561,3,343,691.1140536487331,colorPC1,IAA,Color,105.7365864051676,8.979739253752499e-24
DDexp,590.5839828638932,3,343,590.6547793240702,colorPC1,IAA,Color,5.277312080504657,0.058575765616847776
MC,767.4963780488754,3,343,767.5671745090524,colorPC1,IAA,Color,182.18970726548685,2.2473953047717323e-40
WN,357.6015792020642,1,343,357.6133094073428,colorPC1,CPO,Color,7.584268081074015,0.009763512778366821
BM,429.34143753701414,1,343,429.3531677422927,colorPC1,CPO,Color,79.32412641602394,2.5792521147910967e-18
EB,431.4397673560369,1,343,431.4514975613155,colorPC1,CPO,Color,81.4224562350467,9.03331728281215e-19
OU,350.2123529521123,1,343,350.2240831573909,colorPC1,CPO,Color,0.1950418311221256,0.3927861736765679
OUM_Diet,354.13388732967854,5,343,354.31192887270527,colorPC1,CPO,Color,4.282887546436484,0.05087351828939619
OUM_Habitat,353.43945670183257,6,343,353.68945670183257,colorPC1,CPO,Color,3.6604153755637867,0.06944802313679399
OUM_Symbiosis,354.41930168301326,5,343,354.59734322604,colorPC1,CPO,Color,4.5683018997712,0.04410774286178757
DDlin,391.0191502675753,3,343,391.0899467277523,colorPC1,CPO,Color,41.060905401483524,5.251056225829626e-10
DDexp,349.9582448660918,3,343,350.0290413262688,colorPC1,CPO,Color,0,0.4330210287319819
MC,431.4390940623415,3,343,431.5098905225185,colorPC1,CPO,Color,81.48084919624972,8.77338916713579e-19
WN,46.12492008326227,1,343,46.136650288540864,colorPC1,EPO,Color,0,0.4735044233327587
BM,53.136962267362655,1,343,53.14869247264125,colorPC1,EPO,Color,7.0120421841003875,0.014212760137115211
EB,55.93121678742691,1,343,55.94294699270551,colorPC1,EPO,Color,9.806296704164644,0.0035149064214618285
OU,48.61219889114756,1,343,48.62392909642615,colorPC1,EPO,Color,2.487278807885289,0.1365269253412083
OUM_Diet,53.85190322819239,5,343,54.0299447712191,colorPC1,EPO,Color,7.893294482678236,0.009147805486887924
OUM_Habitat,49.62627523063508,4,343,49.74461842590135,colorPC1,EPO,Color,3.607968137360487,0.07795854302250711
OUM_Symbiosis,48.564004867723234,4,343,48.682348062989504,colorPC1,EPO,Color,2.545697774448641,0.13259672341310222
DDlin,51.6829561106226,3,343,51.75375257079959,colorPC1,EPO,Color,5.6171022822587275,0.028548663238384807
DDexp,48.801609132888906,3,343,48.8724055930659,colorPC1,EPO,Color,2.7357553045250356,0.12057640303632158
MC,55.931082908283344,3,343,56.00187936846034,colorPC1,EPO,Color,9.865229079919473,0.0034128465702523395
WN,88.25054240080256,1,343,88.26227260608115,colorPC1,AO,Color,0,0.44826431498565983
BM,111.42686123581225,1,343,111.43859144109085,colorPC1,AO,Color,23.176318835009695,4.157770149155877e-6
EB,113.90571217134853,1,343,113.91744237662712,colorPC1,AO,Color,25.655169770545967,1.2038845347970443e-6
OU,90.05618617250873,1,343,90.06791637778733,colorPC1,AO,Color,1.8056437717061726,0.18173710438272944
OUM_Diet,91.12491545742414,5,343,91.30295700045085,colorPC1,AO,Color,3.0406843943696913,0.09800719066019471
OUM_Habitat,98.01410555592496,6,343,98.26410555592496,colorPC1,AO,Color,10.001832949843802,0.0030176143603954184
OUM_Symbiosis,91.58392267947639,4,343,91.70226587474266,colorPC1,AO,Color,3.4399932686615102,0.08026923428990489
DDlin,103.18631745883913,3,343,103.25711391901612,colorPC1,AO,Color,14.994841312934966,2.485683032052353e-4
DDexp,89.92458271886998,3,343,89.99537917904698,colorPC1,AO,Color,1.7331065729658235,0.18844944238693015
MC,113.90549598732257,3,343,113.97629244749956,colorPC1,AO,Color,25.714019841418406,1.168976296462732e-6
WN,315.3584335522956,1,343,315.3701637575742,colorPC2,IO,Color,30.21609403605271,2.5549673771249987e-7
BM,388.2348864132731,1,343,388.2466166185517,colorPC2,IO,Color,103.09254689703022,3.823531655803095e-23
EB,390.34682647573084,1,343,390.3585566810094,colorPC2,IO,Color,105.20448695948795,1.3300339676749128e-23
OU,308.01151559546867,1,343,308.02324580074725,colorPC2,IO,Color,22.86917607922578,1.0063483134152929e-5
OUM_Diet,309.6456044938501,5,343,309.8236460368768,colorPC2,IO,Color,24.669576315355357,4.090688211133501e-6
OUM_Habitat,290.0098789341961,7,343,290.34420729240503,colorPC2,IO,Color,5.190137570883564,0.0694548788070106
OUM_Symbiosis,284.97602817849474,5,343,285.15406972152147,colorPC2,IO,Color,0,0.9305223558041406
DDlin,351.9800165948463,3,343,352.0508130550233,colorPC2,IO,Color,66.89674333350183,2.7687488807112095e-15
DDexp,308.3243831708798,3,343,308.3951796310568,colorPC2,IO,Color,23.24110990953534,8.355720762988287e-6
MC,390.36639154741033,3,343,390.43718800758734,colorPC2,IO,Color,105.28311828606587,1.2787573911197256e-23
WN,582.3002279746687,1,343,582.3119581799473,colorPC2,IAA,Color,57.94446568036744,2.6137558790480557e-13
BM,699.3356399388557,1,343,699.3473701441343,colorPC2,IAA,Color,174.97987764455445,1.0077393589999999e-38
EB,701.3965374692189,1,343,701.4082676744974,colorPC2,IAA,Color,177.0407751749176,3.59608549590204e-39
OU,563.5560241440877,1,343,563.5677543493663,colorPC2,IAA,Color,39.20026184978644,3.072678830515889e-9
OUM_Diet,555.1208385596749,5,343,555.2988801027016,colorPC2,IAA,Color,30.93138760312172,1.9190239582280513e-7
OUM_Habitat,538.9206583993721,7,343,539.254986757581,colorPC2,IAA,Color,14.887494258001198,5.847464188825628e-4
OUM_Symbiosis,524.1894509565532,5,343,524.3674924995798,colorPC2,IAA,Color,0,0.9994150234619483
DDlin,627.5951324023828,3,343,627.6659288625598,colorPC2,IAA,Color,103.29843636297994,3.7048908927705254e-23
DDexp,558.6231591108727,3,343,558.6939555710497,colorPC2,IAA,Color,34.3264630714699,3.5143832955145135e-8
MC,701.3953455127687,3,343,701.4661419729457,colorPC2,IAA,Color,177.09864947336587,3.4935162216538935e-39
WN,357.04275189714986,1,343,357.05448210242844,colorPC2,CPO,Color,24.419601914223904,4.972527606387883e-6
BM,449.18759907284357,1,343,449.19932927812215,colorPC2,CPO,Color,116.56444908991762,4.870548482894746e-26
EB,451.28601914169826,1,343,451.29774934697684,colorPC2,CPO,Color,118.66286915877231,1.7057357134422857e-26
OU,356.55512113435765,1,343,356.56685133963623,colorPC2,CPO,Color,23.931971151431696,6.345485815736612e-6
OUM_Diet,356.1849225844599,5,343,356.36296412748663,colorPC2,CPO,Color,23.7280839392821,7.026489849914443e-6
OUM_Habitat,345.06986935445326,6,343,345.31986935445326,colorPC2,CPO,Color,12.684989166248727,0.0017567743618264729
OUM_Symbiosis,332.4568386451778,5,343,332.63488018820453,colorPC2,CPO,Color,0,0.9982202682948528
DDlin,406.1874995208565,3,343,406.2582959810335,colorPC2,CPO,Color,73.62341579282895,1.0282643401286433e-16
DDexp,357.13385474950053,3,343,357.20465120967754,colorPC2,CPO,Color,24.569771021473002,4.612840048579906e-6
MC,451.28522790169853,3,343,451.35602436187554,colorPC2,CPO,Color,118.72114417367101,1.6567519246712639e-26
WN,63.402565383136746,1,343,63.41429558841534,colorPC2,EPO,Color,2.5850412887113805,0.07612216867047998
BM,61.78753618920191,1,343,61.799266394480505,colorPC2,EPO,Color,0.9700120947765427,0.1706908676820727
EB,64.58172316314479,1,343,64.59345336842338,colorPC2,EPO,Color,3.764199068719421,0.042214368217151355
OU,62.884982057320386,1,343,62.89671226259898,colorPC2,EPO,Color,2.06745796289502,0.09860590961773943
OUM_Diet,63.093723001777086,5,343,63.271764544803794,colorPC2,EPO,Color,2.4425102450998324,0.08174503336455163
OUM_Habitat,64.80092779304991,4,343,64.91927098831619,colorPC2,EPO,Color,4.090016688612224,0.035868225938097666
OUM_Symbiosis,60.71091110443769,4,343,60.82925429970396,colorPC2,EPO,Color,0,0.27723351806081586
DDlin,62.96680619300451,3,343,63.0376026531815,colorPC2,EPO,Color,2.2083483534775397,0.09189861879297305
DDexp,63.131502784530724,3,343,63.20229924470772,colorPC2,EPO,Color,2.3730449450037554,0.08463413769124213
MC,64.58166089082073,3,343,64.65245735099772,colorPC2,EPO,Color,3.82320305129376,0.04098715196487622
WN,83.27743992750726,1,343,83.28917013278586,colorPC2,AO,Color,11.256877587613644,0.0022742771078933413
BM,86.68173939425895,1,343,86.69346959953755,colorPC2,AO,Color,14.66117705436534,4.1458075999670316e-4
EB,89.16056696906513,1,343,89.17229717434373,colorPC2,AO,Color,17.140004629171514,1.2004347938186064e-4
OU,79.12866923664322,1,343,79.14039944192182,colorPC2,AO,Color,7.108106896749604,0.01810245550930858
OUM_Diet,71.8542510021455,5,343,72.03229254517221,colorPC2,AO,Color,0,0.6327662248782758
OUM_Habitat,86.01967449750786,6,343,86.26967449750786,colorPC2,AO,Color,14.237381952335653,5.124306289769862e-4
OUM_Symbiosis,73.87278938517198,4,343,73.99113258043826,colorPC2,AO,Color,1.95884003526605,0.23762196376624908
DDlin,80.46284185178791,3,343,80.533638311964907,colorPC2,AO,Color,8.501345766792696,0.00901985408889719
DDexp,75.6704161422887,3,343,75.7412126024657,colorPC2,AO,Color,3.708920057293483,0.09905160850101959
MC,89.16037443823991,3,343,89.2311708984169,colorPC2,AO,Color,17.198878353244694,1.1656128000083907e-4
WN,329.28357806838136,1,343,329.29530827365994,colorPC3,IO,Color,1.2996039166851006,0.22399220334280237
BM,473.060910613784,1,343,473.0726408190626,colorPC3,IO,Color,145.07693646208776,1.3470441438552975e-32
EB,475.1729542305134,1,343,475.184684435792,colorPC3,IO,Color,147.18898007881717,4.6855155554994026e-33
OU,331.08996942616403,1,343,331.1016996314426,colorPC3,IO,Color,3.105995274467773,0.09077787294278769
OUM_Diet,327.8176628139481,5,343,327.99570435697484,colorPC3,IO,Color,0,0.4289812463139015
OUM_Habitat,334.3408314840047,7,343,334.67515984221365,colorPC3,IO,Color,6.679455485238805,0.015205929652049397
OUM_Symbiosis,329.60823307216924,5,343,329.78627461519596,colorPC3,IO,Color,1.7905702582211234,0.17523502518755163
DDlin,431.23235296713,3,343,431.303149427307,colorPC3,IO,Color,103.30744507033216,1.5831119963082106e-23
DDexp,331.67425991178646,3,343,331.74505637196347,colorPC3,IO,Color,3.749352014988631,0.0658077225609074
MC,475.1720942758692,3,343,475.2428907360462,colorPC3,IO,Color,147.24718637907137,4.551117482567078e-33
WN,542.8374389178965,1,343,542.8491691231751,colorPC3,IAA,Color,4.4880718511825535,0.06548536716220761
BM,746.443634484152,1,343,746.4553646894306,colorPC3,IAA,Color,208.094267417438,4.014400138760776e-46
EB,748.5045791944863,1,343,748.5163093997649,colorPC3,IAA,Color,210.1552121277723,1.4324919872217405e-46
OU,541.4944519937446,1,343,541.5061821990232,colorPC3,IAA,Color,3.1450849270306662,0.12816521549214888
OUM_Diet,543.2900179111631,5,343,543.4680594541898,colorPC3,IAA,Color,5.106962182197208,0.048056699341198786
OUM_Habitat,538.0267689137836,7,343,538.3610972719925,colorPC3,IAA,Color,0,0.6176133665280914
OUM_Symbiosis,545.1796336091561,5,343,545.3576751521828,colorPC3,IAA,Color,6.996577880190216,0.01868224674648065
DDlin,669.0570310624737,3,343,669.1278275226507,colorPC3,IAA,Color,130.76673025065816,2.483602019610507e-29
DDexp,541.5340314686986,3,343,541.6048279288756,colorPC3,IAA,Color,3.243730656883031,0.12199710472987269
MC,748.5034067247581,3,343,748.5742031849351,colorPC3,IAA,Color,210.21310591294252,1.3916202049928518e-46
WN,356.6584878364216,1,343,356.6702180417002,colorPC3,CPO,Color,0,0.4569659073775018
BM,515.044559823441,1,343,515.0562900287196,colorPC3,CPO,Color,158.38607198701936,1.8483544734940482e-35
EB,517.1430565525543,1,343,517.1547867578329,colorPC3,CPO,Color,160.48456871613269,6.472953513415773e-36
OU,358.0789821606713,1,343,358.09071236594986,colorPC3,CPO,Color,1.4204943242496597,0.22460911507234477
OUM_Diet,361.8595334387385,5,343,362.0375749817652,colorPC3,CPO,Color,5.367356940065008,0.03121598543067379
OUM_Habitat,361.8508971442323,6,343,362.1008971442323,colorPC3,CPO,Color,5.43067910253211,0.030243135585145225
OUM_Symbiosis,360.7314885542128,5,343,360.9095300972395,colorPC3,CPO,Color,4.239312055539301,0.05486923228333664
DDlin,466.6244620726059,3,343,466.69525853278293,colorPC3,CPO,Color,110.02504049108273,5.8647542933713725e-25
DDexp,358.23114731407634,3,343,358.30194377425335,colorPC3,CPO,Color,1.63172573255315,0.20209662425099778
MC,517.1421615538493,3,343,517.2129580140263,colorPC3,CPO,Color,160.5427399723261,6.287395215922654e-36
WN,50.67548234397945,1,343,50.68721254925805,colorPC3,EPO,Color,0,0.4161149289241085
BM,80.09725540622395,1,343,80.10898561150255,colorPC3,EPO,Color,29.421773062244498,1.6996380802245174e-7
EB,82.89160413995876,1,343,82.90333434523735,colorPC3,EPO,Color,32.216121795979305,4.203115603066817e-8
OU,53.4695982499461,1,343,53.4813284552247,colorPC3,EPO,Color,2.794115905966649,0.10291501397207362
OUM_Diet,57.240722508265684,5,343,57.41876405129239,colorPC3,EPO,Color,6.731551502034343,0.01437061853330955
OUM_Habitat,55.80195073779715,4,343,55.92029393306342,colorPC3,EPO,Color,5.23308138380537,0.030399337081804815
OUM_Symbiosis,51.037078011908726,4,343,51.155421207174996,colorPC3,EPO,Color,0.46820865791694644,0.32926311230507416
DDlin,75.14267864409487,3,343,75.21347510427186,colorPC3,EPO,Color,24.526262555013815,1.965183244226743e-6
DDexp,53.333901009094646,3,343,53.40469746927164,colorPC3,EPO,Color,2.7174849200135895,0.10693477119281766
MC,82.89137831212449,3,343,82.96217477230148,colorPC3,EPO,Color,32.27496222304343,4.081260337670073e-8
WN,88.39853012211925,1,343,88.41026032739785,colorPC3,AO,Color,1.114268948916802,0.20688567629433346
BM,105.05983975573801,1,343,105.0715699610166,colorPC3,AO,Color,17.77557858253556,4.9862380190827996e-5
EB,107.5386776321549,1,343,107.5504078374335,colorPC3,AO,Color,20.25441645895245,1.4437772697311098e-5
OU,87.28426117320245,1,343,87.29599137848105,colorPC3,AO,Color,0,0.36115268777003307
OUM_Diet,92.69690704730513,5,343,92.87494859033184,colorPC3,AO,Color,5.578957211850792,0.022194005298138933
OUM_Habitat,91.87836494029963,6,343,92.12836494029963,colorPC3,AO,Color,4.832373561818585,0.03223697371442004
OUM_Symbiosis,89.70073547318921,4,343,89.81907866845549,colorPC3,AO,Color,2.523087289974441,0.10228440133738638
DDlin,97.85861547155481,3,343,97.9294119317318,colorPC3,AO,Color,10.633420553250758,0.0017728537743193428
DDexp,87.7819606951805,3,343,87.8527571553575,colorPC3,AO,Color,0.5567657768764462,0.27339508267048
MC,107.53848173682299,3,343,107.60927819699998,colorPC3,AO,Color,20.313286818518932,1.4018988000574383e-5
WN,325.2529121488508,1,343,325.26464235412936,colorPC4,IO,Color,16.77393599925341,2.163887410624263e-4
BM,396.1166635892678,1,343,396.12839379454635,colorPC4,IO,Color,87.6376874396704,8.858629768288028e-20
EB,398.22857841660965,1,343,398.24030862188823,colorPC4,IO,Color,89.74960226701228,3.081556064931758e-20
OU,318.3456181562725,1,343,318.3573483615511,colorPC4,IO,Color,9.866642006675136,0.006841234751470334
OUM_Diet,321.6224852579737,5,343,321.80052680100044,colorPC4,IO,Color,13.30982044612449,0.0012230882525818185
OUM_Habitat,314.7371480632698,7,343,315.07147642147874,colorPC4,IO,Color,6.580770066602781,0.035371421951478285
OUM_Symbiosis,308.31266481184923,5,343,308.49070635487595,colorPC4,IO,Color,0,0.949835904815143
DDlin,361.01351030530054,3,343,361.08430676547755,colorPC4,IO,Color,52.593600410601596,3.6065616593616946e-12
DDexp,318.3852069421722,3,343,318.4560034023492,colorPC4,IO,Color,9.965297047473257,0.006511961484657645
MC,398.227808388899,3,343,398.298604849076,colorPC4,IO,Color,89.80789849420006,2.993030956248441e-20
WN,596.1504909565552,1,343,596.1622211618338,colorPC4,IAA,Color,51.303893946532185,3.7673575135222575e-12
BM,794.6085175677192,1,343,794.6202477729978,colorPC4,IAA,Color,249.76192055769616,3.029869423578422e-55
EB,796.6695432920372,1,343,796.6812734973158,colorPC4,IAA,Color,251.8229462820142,1.0811298610306209e-55
OU,597.8372015514985,1,343,597.8489317567771,colorPC4,IAA,Color,52.99060454147548,1.620959946682175e-12
OUM_Diet,601.1898638946908,5,343,601.3679054377175,colorPC4,IAA,Color,56.509578222415826,2.790209788324723e-13
OUM_Habitat,544.6891966519515,7,343,545.0235250101605,colorPC4,IAA,Color,0.165197794858841,0.4793620079970311
OUM_Symbiosis,544.680285672275,5,343,544.8583272153016,colorPC4,IAA,Color,0,0.5206379919949067
DDlin,712.6043692634132,3,343,712.6751657235902,colorPC4,IAA,Color,167.81683850828858,1.886133327304383e-37
DDexp,596.9974824579999,3,343,597.0682789181769,colorPC4,IAA,Color,52.20995170287529,2.3949083256277164e-12
MC,796.6685534268113,3,343,796.7393498869883,colorPC4,IAA,Color,251.88102267168665,1.0501872347361533e-55
WN,357.4083346850776,1,343,357.4200648903562,colorPC4,CPO,Color,21.608335793079448,1.0009197392790685e-5
BM,413.2330224303179,1,343,413.24475263559646,colorPC4,CPO,Color,77.43302353831973,7.554788894761604e-18
EB,415.3313643301544,1,343,415.34309453543295,colorPC4,CPO,Color,79.53136543815623,2.645898494162131e-18
OU,344.82717782325057,1,343,344.83890802852915,colorPC4,CPO,Color,9.027178931252422,0.005399614496600676
OUM_Diet,345.12894165078615,5,343,345.30698319381287,colorPC4,CPO,Color,9.495254096536144,0.004272888143723544
OUM_Habitat,335.5617290972767,6,343,335.8117290972767,colorPC4,CPO,Color,0,0.4927081579870938
OUM_Symbiosis,335.64448003941664,5,343,335.82252158244336,colorPC4,CPO,Color,0.01079248516663256,0.49005654604889426
DDlin,375.5502518805351,3,343,375.6210483407121,colorPC4,CPO,Color,39.80931924343537,1.1171356603914138e-9
DDexp,344.0969344797082,3,343,344.1677309398852,colorPC4,CPO,Color,8.356001842608464,0.007552783009159354
MC,415.3306007073563,3,343,415.40139716753333,colorPC4,CPO,Color,79.58966807025661,2.569880466952595e-18
WN,57.814590827673,1,343,57.8263210329516,colorPC4,EPO,Color,0.032460457127783116,0.16113316302449282
BM,57.98494526351172,1,343,57.996675468790315,colorPC4,EPO,Color,0.2028148929665008,0.14797656323998074
EB,60.779154234528434,1,343,60.79088443980703,colorPC4,EPO,Color,2.997023863983216,0.0365963833235942
OU,58.1323410339441,1,343,58.1440712392227,colorPC4,EPO,Color,0.35021066339888307,0.13746316901574437
OUM_Diet,62.45418202994715,5,343,62.63222357297386,colorPC4,EPO,Color,4.838362997150043,0.014574593660632181
OUM_Habitat,60.08427395330736,4,343,60.20261714857363,colorPC4,EPO,Color,2.408756572749816,0.049111001107484883
OUM_Symbiosis,57.675517380557544,4,343,57.793860575823814,colorPC4,EPO,Color,0,0.16376972924898792
DDlin,58.3211202805542,3,343,58.39191674073119,colorPC4,EPO,Color,0.5980561649073763,0.12144157327996724
DDexp,58.148318881629294,3,343,58.21911534180629,colorPC4,EPO,Color,0.4252547659824728,0.1324008373964887
MC,60.779063882227874,3,343,60.84986034240487,colorPC4,EPO,Color,3.0559997665810528,0.03553298670262703
WN,65.14617824349486,1,343,65.15790844877345,colorPC4,AO,Color,0,0.5716576015865317
BM,103.04908291056532,1,343,103.06081311584391,colorPC4,AO,Color,37.90290466707046,3.3622098053171497e-9
EB,105.52796026259765,1,343,105.53969046787624,colorPC4,AO,Color,40.381782019102786,9.735167600233947e-10
OU,67.62481204936861,1,343,67.63654225464721,colorPC4,AO,Color,2.4786338058737556,0.16554173042002543
OUM_Diet,71.63180232950137,5,343,71.80984387252808,colorPC4,AO,Color,6.651935423754622,0.02054407342722857
OUM_Habitat,69.108861627323,6,343,69.358861627323,colorPC4,AO,Color,4.20095317854954,0.06996979327328214
OUM_Symbiosis,70.32979038617995,4,343,70.44813358144623,colorPC4,AO,Color,5.290225132672774,0.040586181323717545
DDlin,93.38530719783078,3,343,93.45610365800778,colorPC4,AO,Color,28.298195209234322,4.095066599890031e-7
DDexp,68.02313608225387,3,343,68.09393254243086,colorPC4,AO,Color,2.9360240936574087,0.13170020518154635
MC,105.52775818027526,3,343,105.59855464045225,colorPC4,AO,Color,40.440646191678795,9.45281677615636e-10
WN,318.7579479033876,1,343,318.7696781086662,colorPC5,IO,Color,11.74168570248446,0.001588180824218473
BM,367.57079198815444,1,343,367.582522193433,colorPC5,IO,Color,60.55452978725128,3.993241096502853e-14
EB,369.6826013931613,1,343,369.6943315984399,colorPC5,IO,Color,62.666339192258135,1.389158965940553e-14
OU,309.908991274534,1,343,309.9207214798126,colorPC5,IO,Color,2.8927290736308464,0.13256426410039127
OUM_Diet,306.849950863155,5,343,307.02799240618174,colorPC5,IO,Color,0,0.563085835104407
OUM_Habitat,314.90688946407903,7,343,315.241217822288,colorPC5,IO,Color,8.21322541610624,0.009270333625042898
OUM_Symbiosis,309.7262910631655,5,343,309.9043326061922,colorPC5,IO,Color,2.8763402000104747,0.13365501653324155
DDlin,338.47652343111463,3,343,338.54731989129164,colorPC5,IO,Color,31.519327485109898,8.05822895025814e-8
DDexp,309.47575990127456,3,343,309.54655636145156,colorPC5,IO,Color,2.5185639552698262,0.15983628923034202
MC,369.6819892187706,3,343,369.7527856789476,colorPC5,IO,Color,62.72479327276585,1.3491455461537456e-14
WN,578.7455140193263,1,343,578.7572442246048,colorPC5,IAA,Color,1.0101526105858056,0.2050246684186692
BM,787.2495274799076,1,343,787.2612576851861,colorPC5,IAA,Color,209.5141660711671,1.0857625748699507e-46
EB,789.3104496722957,1,343,789.3221798775743,colorPC5,IAA,Color,211.57508826355524,3.8744610563560374e-47
OU,578.1750025166469,1,343,578.1867327219255,colorPC5,IAA,Color,0.4396411079064819,0.2727037543239962
OUM_Diet,579.6858802385889,5,343,579.8639217816155,colorPC5,IAA,Color,2.116830167596504,0.11789466156168239
OUM_Habitat,583.6867392203005,7,343,584.0210675785095,colorPC5,IAA,Color,6.2739759644904325,0.01474963930658785
OUM_Symbiosis,581.4062853682976,5,343,581.5843269113243,colorPC5,IAA,Color,3.8372352973052557,0.04987844583708203
DDlin,710.3478223754149,3,343,710.4186188355919,colorPC5,IAA,Color,132.6715272215729,5.27110759865959e-30
DDexp,577.676295153842,3,343,577.747091614019,colorPC5,IAA,Color,0,0.3397488305519824
MC,789.3093296589948,3,343,789.3801261191718,colorPC5,IAA,Color,211.63303450515275,3.763816428098506e-47
WN,344.3790226391774,1,343,344.39075284445596,colorPC5,CPO,Color,0,0.3829068926064261
BM,453.481316257649,1,343,453.49304646292757,colorPC5,CPO,Color,109.1022936184716,7.795269661044562e-25
EB,455.5797420100827,1,343,455.5914722153613,colorPC5,CPO,Color,111.20071937090535,2.7300071269531365e-25
OU,345.26927160078026,1,343,345.28100180605884,colorPC5,CPO,Color,0.8902489616028788,0.2453454895381799
OUM_Diet,348.7447136396323,5,343,348.92275518265905,colorPC5,CPO,Color,4.532002338203085,0.03971745208758096
OUM_Habitat,351.00178721051225,6,343,351.25178721051225,colorPC5,CPO,Color,6.861034366056288,0.012394770829319715
OUM_Symbiosis,348.4416718855174,5,343,348.6197134285441,colorPC5,CPO,Color,4.228960584088156,0.0462153302823092
DDlin,409.1795960307401,3,343,409.2503924909171,colorPC5,CPO,Color,64.85963964646112,3.155014689990217e-15
DDexp,344.9935214810926,3,343,345.0643179412696,colorPC5,CPO,Color,0.6735650968136611,0.273420064656181
MC,455.5789600077672,3,343,455.6497564679442,colorPC5,CPO,Color,111.25900362348824,2.6515969828056286e-25
WN,54.875916631608305,1,343,54.8876468368869,colorPC5,EPO,Color,5.178162950108941,0.05896421235841322
BM,60.789530486169355,1,343,60.80126069144795,colorPC5,EPO,Color,11.09177680466999,0.0030652335404496456
EB,63.58381399274924,1,343,63.59554419802784,colorPC5,EPO,Color,13.886060311249878,7.580408591510958e-4
OU,55.19978409880234,1,343,55.211514304080936,colorPC5,EPO,Color,5.502030417302976,0.050148918861216
OUM_Diet,49.53144234375125,5,343,49.70948388677796,colorPC5,EPO,Color,0,0.7852578731969794
OUM_Habitat,56.81217724949698,4,343,56.93052044476325,colorPC5,EPO,Color,7.221036557985293,0.021231668956276775
OUM_Symbiosis,57.29135596802485,4,343,57.40969916329112,colorPC5,EPO,Color,7.700215276513163,0.01670828203064957
DDlin,58.507481206528354,3,343,58.57827766670535,colorPC5,EPO,Color,8.868793779927387,0.009314900057185204
DDexp,54.999613643516774,3,343,55.07041010369377,colorPC5,EPO,Color,5.360926216915807,0.05381482873680714
MC,63.58364957191924,3,343,63.65444603209623,colorPC5,EPO,Color,13.944962145318271,7.360414028718673e-4
WN,98.52951514877647,1,343,98.54124535405506,colorPC5,AO,Color,0,0.4717106653167528
BM,148.44953570638367,1,343,148.46126591166225,colorPC5,AO,Color,49.92002055760719,6.818376260639957e-12
EB,150.92843016722608,1,343,150.94016037250466,colorPC5,AO,Color,52.3989150184496,1.9742214698095245e-12
OU,101.00813829184699,1,343,101.01986849712559,colorPC5,AO,Color,2.4786231430705215,0.1365996286866981
OUM_Diet,106.10737248958284,5,343,106.28541403260955,colorPC5,AO,Color,7.744168678554487,0.009818628622508003
OUM_Habitat,104.43784786158373,6,343,104.68784786158373,colorPC5,AO,Color,6.146602507528669,0.02182518431128119
OUM_Symbiosis,99.93473203317059,4,343,100.05307522843687,colorPC5,AO,Color,1.511829874381803,0.22150626272185356
DDlin,137.53836255598748,3,343,137.60915901616445,colorPC5,AO,Color,39.06791366210939,1.5494802115851874e-9
DDexp,100.92086766854723,3,343,100.99166412872422,colorPC5,AO,Color,2.45041877466916,0.13853962878071654
MC,150.92822252312308,3,343,150.99901898330006,colorPC5,AO,Color,52.457773629245,1.916968098847494e-12
WN,330.16872676764166,1,343,330.18045697292024,colorPC6,IO,Color,19.16594679042396,3.81436565340304e-5
BM,404.6072190796502,1,343,404.61894928492876,colorPC6,IO,Color,93.60443910243248,2.6140211490465906e-21
EB,406.71915793482464,1,343,406.7308881401032,colorPC6,IO,Color,95.71637795760694,9.093004405703345e-22
OU,319.7250473962835,1,343,319.7367776015621,colorPC6,IO,Color,8.722267419065815,0.007067055207157197
OUM_Diet,322.7299260028128,5,343,322.90796754583954,colorPC6,IO,Color,11.89345736334326,0.0014475158806668558
OUM_Habitat,311.1860678149424,7,343,311.52039617315137,colorPC6,IO,Color,0.5058859906550879,0.4299352379166277
OUM_Symbiosis,310.83646863946956,5,343,311.0145101824963,colorPC6,IO,Color,0,0.5536748400822276
DDlin,368.15669637757696,3,343,368.22749283775397,colorPC6,IO,Color,57.21298265525769,2.087437392106415e-13
DDexp,319.45910378141434,3,343,319.52990024159135,colorPC6,IO,Color,8.515390059095068,0.007837207256577966
MC,406.7183940031663,3,343,406.7891904633433,colorPC6,IO,Color,95.77468028084701,8.831759067252033e-22
WN,570.2166693439916,1,343,570.2283995492702,colorPC6,IAA,Color,49.30312067164607,1.9578166390687646e-11
BM,657.6057482958655,1,343,657.6174785011441,colorPC6,IAA,Color,136.69219962351997,2.0676386009627946e-30
EB,659.6665826671486,1,343,659.6783128724272,colorPC6,IAA,Color,138.7530339948031,7.378534863867058e-31
OU,538.5349190849934,1,343,538.546649290272,colorPC6,IAA,Color,17.62137041264782,1.483804460957822e-4
OUM_Diet,539.0598710925361,5,343,539.2379126355628,colorPC6,IAA,Color,18.31263375793867,1.0501969295800872e-4
OUM_Habitat,532.0343638564649,7,343,532.3686922146738,colorPC6,IAA,Color,11.44341333704972,0.003257639378371358
OUM_Symbiosis,520.7472373345975,5,343,520.9252788776241,colorPC6,IAA,Color,0,0.9949669141946804
DDlin,590.214992479877,3,343,590.285788940054,colorPC6,IAA,Color,69.36051006242985,8.637046311282868e-16
DDexp,533.8197900692093,3,343,533.8905865293863,colorPC6,IAA,Color,12.965307651762146,0.0015220462683153597
MC,659.665489654107,3,343,659.736286114284,colorPC6,IAA,Color,138.81100723665986,7.1677261472812985e-31
WN,332.3007735718753,1,343,332.3125037771539,colorPC6,CPO,Color,5.477148292886966,0.029697385938985243
BM,423.5626730911405,1,343,423.57440329641906,colorPC6,CPO,Color,96.73904781215214,4.523228612540937e-22
EB,425.6610494985302,1,343,425.67277970380877,colorPC6,CPO,Color,98.83742421954184,1.584133911602653e-22
OU,328.64554797723986,1,343,328.65727818251844,colorPC6,CPO,Color,1.8219226982515124,0.18468872192054925
OUM_Diet,332.01373193064427,5,343,332.191773473671,colorPC6,CPO,Color,5.356417989404065,0.03154528644035311
OUM_Habitat,329.00689098555324,6,343,329.25689098555324,colorPC6,CPO,Color,2.4215355012863142,0.1368472612109025
OUM_Symbiosis,326.6573139412402,5,343,326.8353554842669,colorPC6,CPO,Color,0,0.4592676579329159
DDlin,381.6361043326934,3,343,381.7069007928704,colorPC6,CPO,Color,54.87154530860346,5.582917272649414e-13
DDexp,328.89922163581616,3,343,328.97001809599317,colorPC6,CPO,Color,2.1346626117262417,0.15795368655573566
MC,428.4907728088776,3,343,428.5615692690546,colorPC6,CPO,Color,101.72621378478766,3.7367944326858956e-23
WN,49.96512017653909,1,343,49.976850381817684,colorPC6,EPO,Color,5.8269707431146,0.03614081194554855
BM,48.934580950426096,1,343,48.94631115570469,colorPC6,EPO,Color,4.796431517001608,0.06050296454867423
EB,51.728772046156145,1,343,51.74050225143474,colorPC6,EPO,Color,7.590622612731657,0.014963244341418555
OU,49.71179960088042,1,343,49.723529806159014,colorPC6,EPO,Color,5.573650167455931,0.04102095523440424
OUM_Diet,43.971838095676375,5,343,44.149879638703084,colorPC6,EPO,Color,0,0.665745937903876
OUM_Habitat,49.16533062210039,4,343,49.28367381736666,colorPC6,EPO,Color,5.133794178663578,0.05111157733156458
OUM_Symbiosis,49.52582274977478,4,343,49.64416594504105,colorPC6,EPO,Color,5.494286306337969,0.042681474343712965
DDlin,49.881575239862634,3,343,49.95237170003963,colorPC6,EPO,Color,5.802492061336544,0.03658586971398302
DDexp,49.87254014819672,3,343,49.94333660837371,colorPC6,EPO,Color,5.793456969670629,0.0367515219463083
MC,51.7332032244827,3,343,51.80399968465969,colorPC6,EPO,Color,7.65412004595661,0.014495642690509458
WN,83.63211025652146,1,343,83.64384046180005,colorPC6,AO,Color,0,0.3368597920733567
BM,99.8826067031383,1,343,99.89433690841689,colorPC6,AO,Color,16.250496446616836,9.970081507341823e-5
EB,102.36143835920049,1,343,102.37316856447909,colorPC6,AO,Color,18.729328102679034,2.88687017593908e-5
OU,84.15372859443195,1,343,84.16545879971055,colorPC6,AO,Color,0.5216183379104962,0.2595261913486295
OUM_Diet,87.7443981991365,5,343,87.9224397421632,colorPC6,AO,Color,4.278599280363153,0.03966095317004541
OUM_Habitat,90.77590398592898,6,343,91.02590398592898,colorPC6,AO,Color,7.382063524128924,0.008403388643620382
OUM_Symbiosis,86.46661779567772,4,343,86.584960990944,colorPC6,AO,Color,2.9411205291439444,0.07740926930971459
DDlin,93.16649892962242,3,343,93.23729538979941,colorPC6,AO,Color,9.59345492799936,0.002781358097018699
DDexp,83.97736360262404,3,343,84.04816006280103,colorPC6,AO,Color,0.40431960100097797,0.2752024465281257
MC,102.3612437636583,3,343,102.43204022383529,colorPC6,AO,Color,18.788199762035234,2.8031312656250777e-5
WN,333.80839657673243,1,343,333.820126782011,colorPC7,IO,Color,8.69923785928313,0.0109814431734831
BM,397.4870065797961,1,343,397.4987367850747,colorPC7,IO,Color,72.37784786234681,1.633145763858505e-16
EB,399.59882027084944,1,343,399.610550476128,colorPC7,IO,Color,74.48966155340014,5.681335446209549e-17
OU,331.2582588077783,1,343,331.2699890130569,colorPC7,IO,Color,6.149100090329,0.039302013375290004
OUM_Diet,332.31308212291293,5,343,332.49112366593965,colorPC7,IO,Color,7.370234743211768,0.021342671426693147
OUM_Habitat,330.97872508430436,7,343,331.3130534425133,colorPC7,IO,Color,6.192164519785422,0.03846479986125043
OUM_Symbiosis,324.94284737970116,5,343,325.1208889227279,colorPC7,IO,Color,0,0.8505011752344269
DDlin,367.4382148788495,3,343,367.50901133902653,colorPC7,IO,Color,42.38812241629864,5.311425401685161e-10
DDexp,331.19381162503487,3,343,331.2646080852119,colorPC7,IO,Color,6.14371916248399,0.039407896397713596
MC,401.9509848812254,3,343,402.0217813414024,colorPC7,IO,Color,76.90089241867452,1.7016032353000056e-17
WN,615.2481376960229,1,343,615.2598679013015,colorPC7,IAA,Color,21.020862702074965,1.700437162028397e-5
BM,818.9482983166008,1,343,818.9600285218794,colorPC7,IAA,Color,224.72102332265285,9.945639824948374e-50
EB,821.0092884423483,1,343,821.0210186476269,colorPC7,IAA,Color,226.78201344840033,3.5489052786069355e-50
OU,606.9385365108958,1,343,606.9502667161744,colorPC7,IAA,Color,12.711261516947843,0.0010838459482020613
OUM_Diet,610.3110871184452,5,343,610.4891286614719,colorPC7,IAA,Color,16.25012346224537,1.8471980050263105e-4
OUM_Habitat,594.931959361927,7,343,595.266287720136,colorPC7,IAA,Color,1.0272825209094663,0.37334587795912033
OUM_Symbiosis,594.0609636561999,5,343,594.2390051992265,colorPC7,IAA,Color,0,0.6239976093470287
DDlin,740.5594299215222,3,343,740.6302263816992,colorPC7,IAA,Color,146.3912211824727,1.015624447746408e-32
DDexp,606.409504787139,3,343,606.480301247316,colorPC7,IAA,Color,12.241296048089453,0.0013709425735259906
MC,821.0126326757711,3,343,821.0834291359481,colorPC7,IAA,Color,226.84442393672157,3.4398708928984267e-50
WN,361.4269848969224,1,343,361.438715102201,colorPC7,CPO,Color,15.682068431955372,2.0501473816351252e-4
BM,407.9155638794621,1,343,407.9272940847407,colorPC7,CPO,Color,62.17064741449508,1.6478528257190765e-14
EB,410.01380225118555,1,343,410.02553245646413,colorPC7,CPO,Color,64.2688857862185,5.771540503240689e-15
OU,354.19036296051166,1,343,354.20209316579025,colorPC7,CPO,Color,8.445446495544616,0.007641833484416882
OUM_Diet,358.12916420945373,5,343,358.30720575248046,colorPC7,CPO,Color,12.550559082234827,9.812591019193928e-4
OUM_Habitat,345.50664667024563,6,343,345.75664667024563,colorPC7,CPO,Color,0,0.5213183059044808
OUM_Symbiosis,345.83632543466126,5,343,346.014366977688,colorPC7,CPO,Color,0.2577203074423551,0.45828930422501807
DDlin,375.9043987715765,3,343,375.9751952317535,colorPC7,CPO,Color,30.218548561507873,1.4296460530033274e-7
DDexp,353.30275403529424,3,343,353.37355049547125,colorPC7,CPO,Color,7.61690382522562,0.011564139581368161
MC,410.01323821463313,3,343,410.08403467481014,colorPC7,CPO,Color,64.32738800456451,5.6051617859094496e-15
WN,26.50690369254587,1,343,26.51863389782446,colorPC7,EPO,Color,0,0.4265240702205181
BM,32.32037258099559,1,343,32.332102786274184,colorPC7,EPO,Color,5.813468888449723,0.023311209929761812
EB,35.11460765272399,1,343,35.126337858002586,colorPC7,EPO,Color,8.607703960178124,0.00576506726730059
OU,28.510216800913987,1,343,28.52194700619258,colorPC7,EPO,Color,2.0033131083681184,0.1566497227895673
OUM_Diet,32.088235645287334,5,343,32.26627718831404,colorPC7,EPO,Color,5.747643290489581,0.024091212723354124
OUM_Habitat,28.96666422488331,4,343,29.085007420149584,colorPC7,EPO,Color,2.5663735223251223,0.11821228585351598
OUM_Symbiosis,30.388968570008792,4,343,30.507311765275066,colorPC7,EPO,Color,3.9886778674506047,0.05805146056188514
DDlin,31.290361523342167,3,343,31.361157983519156,colorPC7,EPO,Color,4.842524085694695,0.03787937463662516
DDexp,28.620688018536292,3,343,28.69148447871328,colorPC7,EPO,Color,2.17285058088882,0.14391797389086533
MC,35.11449126694467,3,343,35.18528772712166,colorPC7,EPO,Color,8.6666538292972,0.005597622126606416
WN,66.00422098741527,1,343,66.01595119269386,colorPC7,AO,Color,0,0.30567384993724067
BM,78.98665308065225,1,343,78.99838328593084,colorPC7,AO,Color,12.98243209323698,4.636165992866422e-4
EB,81.46548175105167,1,343,81.47721195633027,colorPC7,AO,Color,15.461260763636403,1.3424192475996715e-4
OU,66.42485825056231,1,343,66.4365884558409,colorPC7,AO,Color,0.420637263147043,0.24769547099139558
OUM_Diet,68.09260593440445,5,343,68.27064747743115,colorPC7,AO,Color,2.2546962847372924,0.09900501855094075
OUM_Habitat,69.68542436394372,6,343,69.93542436394372,colorPC7,AO,Color,3.9194731712498623,0.04306807907609736
OUM_Symbiosis,68.92863625094566,4,343,69.04697944621194,colorPC7,AO,Color,3.0310282535180733,0.06715507901005885
DDlin,72.76626860331082,3,343,72.83706506348781,colorPC7,AO,Color,6.821113870793951,0.01009420753817638
DDexp,66.54399514751522,3,343,66.61479160769221,colorPC7,AO,Color,0.5988404149983495,0.2265800889797159
MC,81.46529638773929,3,343,81.53609284791628,colorPC7,AO,Color,15.520141655222417,1.3034739232787456e-4
WN,302.0642100985131,1,343,302.0759403037917,colorPC8,IO,Color,0,0.5442563410200935
BM,427.36071424064636,1,343,427.37244444592494,colorPC8,IO,Color,125.29650414213324,3.3729765532941076e-28
EB,429.47268231054795,1,343,429.48441251582653,colorPC8,IO,Color,127.40847221203484,1.1732897669511183e-28
OU,303.9909661645374,1,343,304.00269636981596,colorPC8,IO,Color,1.926756066024268,0.2076891141228855
OUM_Diet,307.24806713387244,5,343,307.42610867689916,colorPC8,IO,Color,5.350168373107465,0.03749982117977643
OUM_Habitat,312.50633962066433,7,343,312.8406679788733,colorPC8,IO,Color,10.764727675081588,0.0025019151871251144
OUM_Symbiosis,308.0202712157181,5,343,308.1983127587448,colorPC8,IO,Color,6.1223724549531084,0.025488672135965406
DDlin,388.66574269702596,3,343,388.73653915720297,colorPC8,IO,Color,86.66059885341127,8.273581653417856e-20
DDexp,304.1897814588489,3,343,304.26057791902593,colorPC8,IO,Color,2.1846376152342373,0.18256413635415408
MC,429.4718464733247,3,343,429.5426429335017,colorPC8,IO,Color,127.46670262971003,1.1396216951522718e-28
WN,590.8519869900648,1,343,590.8637171953434,colorPC8,IAA,Color,3.2214717033706393,0.07585539747571282
BM,744.2607532401968,1,343,744.2724834454754,colorPC8,IAA,Color,156.63023795350261,3.6956953146563984e-35
EB,746.3215827225459,1,343,746.3333129278245,colorPC8,IAA,Color,158.69106743585178,1.318841860010175e-35
OU,587.6305152866942,1,343,587.6422454919727,colorPC8,IAA,Color,0,0.3797695854796177
OUM_Diet,589.9719221154517,5,343,590.1499636584783,colorPC8,IAA,Color,2.507718166505583,0.10838672642561101
OUM_Habitat,594.2941498041175,7,343,594.6284781623265,colorPC8,IAA,Color,6.986232670353729,0.011547262312320672
OUM_Symbiosis,591.6811184241126,5,343,591.8591599671392,colorPC8,IAA,Color,4.216914475166504,0.046113579704846225
DDlin,675.5278345263379,3,343,675.5986309865149,colorPC8,IAA,Color,87.95638549454213,3.020186391253043e-20
DDexp,587.5790582878803,3,343,587.6498547480574,colorPC8,IAA,Color,0.007609256084606386,0.37832744860189155
MC,746.3205556444268,3,343,746.3913521046038,colorPC8,IAA,Color,158.74910661263107,1.2811196015259217e-35
WN,370.8459371798735,1,343,370.85766738515207,colorPC8,CPO,Color,2.328622745438679,0.13061541343959762
BM,474.6116665287058,1,343,474.6233967339844,colorPC8,CPO,Color,106.09435209427102,3.833121592930225e-24
EB,476.71005554041545,1,343,476.72178574569404,colorPC8,CPO,Color,108.19274110598064,1.3424348303125547e-24
OU,368.84202870452594,1,343,368.8537589098045,colorPC8,CPO,Color,0.3247142700911354,0.35574403440484875
OUM_Diet,373.07980995163206,5,343,373.2578514946588,colorPC8,CPO,Color,4.72880685494539,0.03933698519137907
OUM_Habitat,374.780503744241,6,343,375.030503744241,colorPC8,CPO,Color,6.501459104527612,0.01621341604676479
OUM_Symbiosis,373.06469162382336,5,343,373.2427331668501,colorPC8,CPO,Color,4.713688527136696,0.03963546662368659
DDlin,432.38923267443363,3,343,432.46002913461064,colorPC8,CPO,Color,63.930984494897245,5.4854408886454454e-15
DDexp,368.4582481795364,3,343,368.5290446397134,colorPC8,CPO,Color,0,0.4184546842937177
MC,476.7092624562837,3,343,476.7800589164607,colorPC8,CPO,Color,108.2510142767473,1.3038851928172607e-24
WN,62.75569251250197,1,343,62.76742271778057,colorPC8,EPO,Color,0,0.368921599056622
BM,66.2648671140352,1,343,66.2765973193138,colorPC8,EPO,Color,3.509174601533225,0.06381554750846027
EB,69.05909020805237,1,343,69.07082041333096,colorPC8,EPO,Color,6.3033976955503945,0.015782240754835076
OU,64.13049430017864,1,343,64.14222450545724,colorPC8,EPO,Color,1.3748017876766667,0.1855238154433701
OUM_Diet,70.65903877985917,5,343,70.83708032288588,colorPC8,EPO,Color,8.069657605105313,0.006525746483273327
OUM_Habitat,66.66717051927697,4,343,66.78551371454324,colorPC8,EPO,Color,4.018090996762673,0.049478520910480044
OUM_Symbiosis,66.75853363101048,4,343,66.87687682627676,colorPC8,EPO,Color,4.1094541084961875,0.04726911387218812
DDlin,65.68465915854573,3,343,65.75545561872272,colorPC8,EPO,Color,2.9880329009421516,0.08281156307568927
DDexp,64.31138864861111,3,343,64.38218510878811,colorPC8,EPO,Color,1.6147623910075382,0.16454810470616144
MC,69.058986974694193,3,343,69.12978343487119,colorPC8,EPO,Color,6.362360717090617,0.015323748188920459
WN,80.68191813339591,1,343,80.6936483386745,colorPC8,AO,Color,0.8402886141107899,0.25227265274600225
BM,113.2532982170969,1,343,113.2650284223755,colorPC8,AO,Color,33.41166869781178,2.1334617198803244e-8
EB,115.73217722619331,1,343,115.74390743147191,colorPC8,AO,Color,35.890547706908194,6.177362926785293e-9
OU,82.23218202393288,1,343,82.24391222921147,colorPC8,AO,Color,2.390552504647758,0.11620763090405684
OUM_Diet,82.77517832462831,5,343,82.95321986765502,colorPC8,AO,Color,3.0998601430913055,0.08150991697104185
OUM_Habitat,79.60335972456372,6,343,79.85335972456372,colorPC8,AO,Color,0,0.3840046896011936
OUM_Symbiosis,83.98420536324204,4,343,84.10254855850832,colorPC8,AO,Color,4.249188833944601,0.04588142486143952
DDlin,103.71890417496157,3,343,103.78970063513856,colorPC8,AO,Color,23.93634091057484,2.435713150761247e-6
DDexp,82.10687006698335,3,343,82.17766652716034,colorPC8,AO,Color,2.324306802596624,0.1201212156929627
MC,115.73198426682403,3,343,115.80278072700102,colorPC8,AO,Color,35.949421002437305,5.998172393604943e-9
WN,341.25887710192967,1,343,341.27060730720825,morphoPC1,IO,Morphology,35.519344089838626,1.9156461671311017e-8
BM,344.8224638133553,1,343,344.83419401863387,morphoPC1,IO,Morphology,39.08293080126424,3.2247219422991125e-9
EB,346.9341657872693,1,343,346.9458959925479,morphoPC1,IO,Morphology,41.19463277517826,1.121868658548776e-9
OU,317.892005548269,1,343,317.9037357535476,morphoPC1,IO,Morphology,12.152472536177982,0.002271783717731889
OUM_Diet,305.5732216743429,5,343,305.7512632173696,morphoPC1,IO,Morphology,0,0.9891060642011162
OUM_Habitat,323.5673637754583,7,343,323.90169213366727,morphoPC1,IO,Morphology,18.150428916297642,1.1322108261268046e-4
OUM_Symbiosis,319.37103739032995,5,343,319.54907893335667,morphoPC1,IO,Morphology,13.797815715987042,9.97895928431297e-4
DDlin,323.7223234830228,3,343,323.7931199431998,morphoPC1,IO,Morphology,18.0418567258302,1.1953730349816864e-4
DDexp,315.47341577260505,3,343,315.54421223278206,morphoPC1,IO,Morphology,9.792949015412432,0.007391473174012039
MC,346.9335699058853,3,343,347.0043663660623,morphoPC1,IO,Morphology,41.253103148692674,1.0895454090964796e-9
WN,591.4788924337769,1,343,591.4906226390555,morphoPC1,IAA,Morphology,54.381959432180906,1.191917095661481e-12
BM,608.3295463886125,1,343,608.341276593891,morphoPC1,IAA,Morphology,71.2326133870165,2.613202315763379e-16
EB,610.3902236607045,1,343,610.401953865983,morphoPC1,IAA,Morphology,73.2932906591085,9.326155453826304e-17
OU,548.9228943461276,1,343,548.9346245514062,morphoPC1,IAA,Morphology,11.825961344531606,0.0020756953842551414
OUM_Diet,539.3528304722811,5,343,539.5308720153078,morphoPC1,IAA,Morphology,2.422208808433197,0.22864543628945705
OUM_Habitat,550.7172823593471,7,343,551.0516107175561,morphoPC1,IAA,Morphology,13.942947510681506,7.202212225724708e-4
OUM_Symbiosis,550.3271363514356,5,343,550.5051778944622,morphoPC1,IAA,Morphology,13.396514687587683,9.465036528229502e-4
DDlin,560.5892251981456,3,343,560.6600216583226,morphoPC1,IAA,Morphology,23.551358451448095,5.902363996335666e-6
DDexp,537.0378667466975,3,343,537.1086632068746,morphoPC1,IAA,Morphology,0,0.7676062410857036
MC,610.3894473392626,3,343,610.4602437994396,morphoPC1,IAA,Morphology,73.35158059256503,9.058267715401476e-17
WN,399.4434772597881,1,343,399.4552074650667,morphoPC1,CPO,Morphology,57.169346039273876,1.3276848503923982e-13
BM,350.843005941225,1,343,350.85473614650357,morphoPC1,CPO,Morphology,8.568874720710767,0.004748465156015406
EB,352.9409029780244,1,343,352.95263318330296,morphoPC1,CPO,Morphology,10.666771757510162,0.001663415339827208
OU,343.3568752135093,1,343,343.36860541878787,morphoPC1,CPO,Morphology,1.0827439929950629,0.20051454838518826
OUM_Diet,342.1078198827661,5,343,342.2858614257928,morphoPC1,CPO,Morphology,0,0.3445567475035165
OUM_Habitat,347.24628412516773,6,343,347.49628412516773,morphoPC1,CPO,Morphology,5.210422699374931,0.0254584433804065
OUM_Symbiosis,343.8763520125518,5,343,344.05439355557854,morphoPC1,CPO,Morphology,1.76853212978574,0.14230785960936632
DDlin,343.71861503960133,3,343,343.78941149977834,morphoPC1,CPO,Morphology,1.5035500739855365,0.16246843945097084
DDexp,344.3699202282658,3,343,344.4407166884428,morphoPC1,CPO,Morphology,2.154855262650017,0.11731130992523449
MC,353.9589114098828,3,343,354.0297078700598,morphoPC1,CPO,Morphology,11.743846444266978,9.707712493416673e-4
WN,60.418144244390234,1,343,60.42987444966883,morphoPC1,EPO,Morphology,11.674284249938637,0.0024757296784461125
BM,54.366575950266174,1,343,54.37830615554477,morphoPC1,EPO,Morphology,5.622715955814577,0.051025184226616095
EB,57.16074460100874,1,343,57.17247480628733,morphoPC1,EPO,Morphology,8.41688460655714,0.012619395979884056
OU,56.536133137762754,1,343,56.54786334304135,morphoPC1,EPO,Morphology,7.7922731433111565,0.017245318674489744
OUM_Diet,48.577548656703485,5,343,48.75559019973019,morphoPC1,EPO,Morphology,0,0.8486758379718777
OUM_Habitat,56.51725887370424,4,343,56.63560206897051,morphoPC1,EPO,Morphology,7.88001186924032,0.016505131994117246
OUM_Symbiosis,59.42326443074889,4,343,59.54160762601516,morphoPC1,EPO,Morphology,10.786017426284964,0.0038600054059113463
DDlin,56.446993735751334,3,343,56.51779019592833,morphoPC1,EPO,Morphology,7.7621999961981345,0.01750658855643337
DDexp,56.39537787338041,3,343,56.466174333557404,morphoPC1,EPO,Morphology,7.710584133827211,0.017964277994589495
MC,57.18201700389888,3,343,57.25281346407587,morphoPC1,EPO,Morphology,8.497223264345678,0.012122529517634865
WN,76.8407078318364,1,343,76.852438037115,morphoPC1,AO,Morphology,0,0.5469231476431414
BM,127.33473439830884,1,343,127.34646460358744,morphoPC1,AO,Morphology,50.49402656647244,5.933183101581816e-12
EB,129.8136327760497,1,343,129.82536298132828,morphoPC1,AO,Morphology,52.97292494421329,1.7179155381847006e-12
OU,79.31934245447056,1,343,79.33107265974915,morphoPC1,AO,Morphology,2.4786346226341607,0.15837901401498616
OUM_Diet,81.32335866670743,5,343,81.50140020973414,morphoPC1,AO,Morphology,4.64896217261915,0.05350778772873517
OUM_Habitat,86.11427233310512,6,343,86.36427233310512,morphoPC1,AO,Morphology,9.511834295990127,0.004703896212322653
OUM_Symbiosis,79.4074627378508,4,343,79.52580593311708,morphoPC1,AO,Morphology,2.673367896002091,0.14368513551471138
DDlin,116.37210093960222,3,343,116.44289739977921,morphoPC1,AO,Morphology,39.59045936266422,1.3834621632151702e-9
DDexp,80.32934295802065,3,343,80.40013941819764,morphoPC1,AO,Morphology,3.5477013810826463,0.09280101749332195
MC,129.8134328595327,3,343,129.88422931970968,morphoPC1,AO,Morphology,53.03179128259468,1.66808871719702e-12
WN,317.95070432436495,1,343,317.96243452964353,morphoPC2,IO,Morphology,0,0.29247092063839547
BM,415.63690048306097,1,343,415.64863068833955,morphoPC2,IO,Morphology,97.68619615869602,1.7938854908606303e-22
EB,417.74883687863144,1,343,417.76056708391,morphoPC2,IO,Morphology,99.79813255426649,6.240128829095204e-23
OU,318.3439903731055,1,343,318.3557205783841,morphoPC2,IO,Morphology,0.3932860487405492,0.2402601322500428
OUM_Diet,321.760859812012,5,343,321.9389013550387,morphoPC2,IO,Morphology,3.976466825395164,0.040050126514021914
OUM_Habitat,320.6334344121662,7,343,320.96776277037515,morphoPC2,IO,Morphology,3.0053282407316146,0.06508545669163462
OUM_Symbiosis,320.2451184659308,5,343,320.4231600089575,morphoPC2,IO,Morphology,2.4607254793139646,0.08545607535979005
DDlin,379.5596335149728,3,343,379.6304299751498,morphoPC2,IO,Morphology,61.66799544550628,1.188632569678736e-14
DDexp,318.0026649522425,3,343,318.07346141241953,morphoPC2,IO,Morphology,0.11102688277600237,0.2766772885461033
MC,417.7480590479654,3,343,417.8188555081424,morphoPC2,IO,Morphology,99.85642097849887,6.060889768208709e-23
WN,594.2057967901061,1,343,594.2175269953847,morphoPC2,IAA,Morphology,0.23544459488925895,0.30988758001302
BM,788.0205664450104,1,343,788.032296650289,morphoPC2,IAA,Morphology,194.0502142497936,2.540163575850271e-43
EB,790.0815115187637,1,343,790.0932417240423,morphoPC2,IAA,Morphology,196.11115932354687,9.064276558548175e-44
OU,594.946534218487,1,343,594.9582644237656,morphoPC2,IAA,Morphology,0.9761820232702121,0.21397108143255872
OUM_Diet,598.1462981545335,5,343,598.3243396975602,morphoPC2,IAA,Morphology,4.342257297064748,0.03975768817080752
OUM_Habitat,599.4690311651171,7,343,599.8033595233261,morphoPC2,IAA,Morphology,5.821277122830679,0.018978244989835493
OUM_Symbiosis,597.0494084165272,5,343,597.2274499595538,morphoPC2,IAA,Morphology,3.2453675590584226,0.0688030520057216
DDlin,711.4670774876095,3,343,711.5378739477865,morphoPC2,IAA,Morphology,117.55579154729105,1.0361306534458747e-26
DDexp,593.9112859403184,3,343,593.9820824004954,morphoPC2,IAA,Morphology,0,0.34860235338805673
MC,790.08064526531,3,343,790.151441725487,morphoPC2,IAA,Morphology,196.16935932499155,8.804307006368437e-44
WN,343.7593595047114,1,343,343.77108970999,morphoPC2,CPO,Morphology,1.524875210699804,0.1277950785676576
BM,454.8479403052406,1,343,454.8596705105192,morphoPC2,CPO,Morphology,112.613456011229,9.636854617998649e-26
EB,456.94636137776723,1,343,456.9580915830458,morphoPC2,CPO,Morphology,114.71187708375561,3.374962572646658e-26
OU,342.52923236606773,1,343,342.5409625713463,morphoPC2,CPO,Morphology,0.29474807205610887,0.23639203726761515
OUM_Diet,346.48266807920294,5,343,346.66070962222966,morphoPC2,CPO,Morphology,4.4144951229394565,0.03013291440733263
OUM_Habitat,342.2578086037516,6,343,342.5078086037516,morphoPC2,CPO,Morphology,0.26159410446138054,0.24034336429751618
OUM_Symbiosis,344.2632270154428,5,343,344.4412685584695,morphoPC2,CPO,Morphology,2.195054059179313,0.09140851244563683
DDlin,411.9742923648046,3,343,412.04508882498163,morphoPC2,CPO,Morphology,69.79887432569143,1.9098690581545786e-16
DDexp,342.1754180391132,3,343,342.2462144992902,morphoPC2,CPO,Morphology,0,0.2739280930142415
MC,456.94563879372083,3,343,457.01643525389784,morphoPC2,CPO,Morphology,114.77022075460764,3.277930896978228e-26
WN,58.933146881315075,1,343,58.94487708659367,morphoPC2,EPO,Morphology,0,0.6257572701049463
BM,78.9166317079664,1,343,78.928361913245,morphoPC2,EPO,Morphology,19.983484826651328,2.8644899922174922e-5
EB,81.7109533956637,1,343,81.72268360094229,morphoPC2,EPO,Morphology,22.77780651434862,7.083828925999473e-6
OU,61.727262164371595,1,343,61.73899236965019,morphoPC2,EPO,Morphology,2.79411528305652,0.15476454646830315
OUM_Diet,67.51857882294865,5,343,67.69662036597536,morphoPC2,EPO,Morphology,8.751743279381692,0.007870258505022133
OUM_Habitat,64.82626684395774,4,343,64.94461003922402,morphoPC2,EPO,Morphology,5.999732952630346,0.031158780145796695
OUM_Symbiosis,64.86459901692878,4,343,64.98294221219506,morphoPC2,EPO,Morphology,6.038065125601385,0.030567274798855147
DDlin,75.04076589662147,3,343,75.11156235679846,morphoPC2,EPO,Morphology,16.166685270204788,1.9313225095595046e-4
DDexp,61.73545896770584,3,343,61.80625542788283,morphoPC2,EPO,Morphology,2.8613783412891607,0.14964613062886192
MC,81.71075333294036,3,343,81.78154979311735,morphoPC2,EPO,Morphology,22.83667270652368,6.878368410544918e-6
WN,78.8691056139739,1,343,78.8808358192525,morphoPC2,AO,Morphology,0,0.4731707818006387
BM,110.21691527914582,1,343,110.22864548442442,morphoPC2,AO,Morphology,31.347809665171923,7.377811254170196e-8
EB,112.69578886465712,1,343,112.70751906993571,morphoPC2,AO,Morphology,33.82668325068322,2.136224938506661e-8
OU,80.54489749454227,1,343,80.55662769982087,morphoPC2,AO,Morphology,1.6757918805683687,0.20470306054641701
OUM_Diet,85.37281736695414,5,343,85.55085890998085,morphoPC2,AO,Morphology,6.67002309072835,0.016851587042308616
OUM_Habitat,84.61494074562025,6,343,84.86494074562025,morphoPC2,AO,Morphology,5.984104926367749,0.02374575840436618
OUM_Symbiosis,82.18438950141035,4,343,82.30273269667663,morphoPC2,AO,Morphology,3.421896877424132,0.08549927920038883
DDlin,100.52574798399434,3,343,100.59654444417133,morphoPC2,AO,Morphology,21.715708624918832,9.109860066603513e-6
DDexp,80.5725156028128,3,343,80.64331206298979,morphoPC2,AO,Morphology,1.7624762437372965,0.19602030726252254
MC,112.69556234567101,3,343,112.766358805848,morphoPC2,AO,Morphology,33.885522986595504,2.074292965058637e-8
WN,325.0556645241402,1,343,325.06739472941877,morphoPC3,IO,Morphology,27.741329245680106,9.347447906240807e-7
BM,362.40838703057597,1,343,362.42011723585455,morphoPC3,IO,Morphology,65.09405175211589,7.238564010055907e-15
EB,364.52014178157543,1,343,364.531871986854,morphoPC3,IO,Morphology,67.20580650311535,2.5182027939135315e-15
OU,321.1628648737488,1,343,321.17459507902737,morphoPC3,IO,Morphology,23.84852959528871,6.546418374520627e-6
OUM_Diet,297.14802394071194,5,343,297.32606548373866,morphoPC3,IO,Morphology,0,0.9877480012018041
OUM_Habitat,318.95861749677965,7,343,319.2929458549886,morphoPC3,IO,Morphology,21.966880371249943,1.6772534527980758e-5
OUM_Symbiosis,305.93294503067557,5,343,306.1109865737023,morphoPC3,IO,Morphology,8.784921089963632,0.012218693837070634
DDlin,337.97999721268064,3,343,338.05079367285765,morphoPC3,IO,Morphology,40.72472818911899,1.4170454983311799e-9
DDexp,320.45613922821497,3,343,320.526935688392,morphoPC3,IO,Morphology,23.200870204653313,9.049846374349867e-6
MC,364.51950675407227,3,343,364.5903032142493,morphoPC3,IO,Morphology,67.26423773051062,2.4456962724034365e-15
WN,613.733382526782,1,343,613.7451127320605,morphoPC3,IAA,Morphology,36.28461193305088,1.3206192859199223e-8
BM,897.0566402312323,1,343,897.0683704365109,morphoPC3,IAA,Morphology,319.60786963750127,3.961995038423134e-70
EB,899.1177191906546,1,343,899.1294493959332,morphoPC3,IAA,Morphology,321.66894859692354,1.4136969398837034e-70
OU,615.793081594605,1,343,615.8048117998836,morphoPC3,IAA,Morphology,38.34431100087397,4.715412229610444e-9
OUM_Diet,577.282459255983,5,343,577.4605007990097,morphoPC3,IAA,Morphology,0,0.9997260426851902
OUM_Habitat,597.5218581426404,7,343,597.8561865008494,morphoPC3,IAA,Morphology,20.39568570183974,3.724038207644905e-5
OUM_Symbiosis,593.9793662777596,5,343,594.1574078207863,morphoPC3,IAA,Morphology,16.69690702177661,2.366975231150574e-4
DDlin,811.1621292841303,3,343,811.2329257443073,morphoPC3,IAA,Morphology,233.77242494529764,1.7252177513779843e-51
DDexp,618.0408044194733,3,343,618.1116008796503,morphoPC3,IAA,Morphology,40.65110008064062,1.488013191724916e-9
MC,899.1161864007286,3,343,899.1869828609056,morphoPC3,IAA,Morphology,321.7264820618959,1.37360886412508e-70
WN,382.3755332048673,1,343,382.38726341014586,morphoPC3,CPO,Morphology,26.79911605495323,1.5157725636385712e-6
BM,540.0054198829783,1,343,540.0171500882569,morphoPC3,CPO,Morphology,184.4290027330643,8.948269554404178e-41
EB,542.1039692223081,1,343,542.1156994275867,morphoPC3,CPO,Morphology,186.5275520723941,3.133609384149664e-41
OU,383.04296656031255,1,343,383.05469676559113,morphoPC3,CPO,Morphology,27.4665494103985,1.0856822315814153e-6
OUM_Diet,355.4101058121659,5,343,355.58814735519263,morphoPC3,CPO,Morphology,0,0.9999727218647414
OUM_Habitat,380.8027306443729,6,343,381.0527306443729,morphoPC3,CPO,Morphology,25.46458328918027,2.9540929069990535e-6
OUM_Symbiosis,376.9579028547682,5,343,377.1359443977949,morphoPC3,CPO,Morphology,21.54779704260227,2.0938399255006414e-5
DDlin,489.5416303103629,3,343,489.6124267705399,morphoPC3,CPO,Morphology,134.02427941534728,7.888340661206473e-30
DDexp,383.63452966807455,3,343,383.70532612825156,morphoPC3,CPO,Morphology,28.117178773058924,7.841883014319705e-7
MC,542.1032134513521,3,343,542.1740099115291,morphoPC3,CPO,Morphology,186.58586255633645,3.0435672229179424e-41
WN,35.72367001663621,1,343,35.73540022191481,morphoPC3,EPO,Morphology,0,0.4667066090269231
BM,42.03935946934199,1,343,42.051089674620584,morphoPC3,EPO,Morphology,6.315689452705776,0.019843095000346696
EB,44.83361430681211,1,343,44.845344512090705,morphoPC3,EPO,Morphology,9.109944290175896,0.004907323440101324
OU,37.77676613861656,1,343,37.788496343895154,morphoPC3,EPO,Morphology,2.053096121980346,0.16719365528229335
OUM_Diet,42.64354226222229,5,343,42.821583805249,morphoPC3,EPO,Morphology,7.08618358333419,0.01349891109251419
OUM_Habitat,39.033434111106665,4,343,39.151777306372935,morphoPC3,EPO,Morphology,3.4163770844581265,0.08456430677190682
OUM_Symbiosis,40.94275590686325,4,343,41.06109910212952,morphoPC3,EPO,Morphology,5.325698880214709,0.03255240896108559
DDlin,40.42361147886908,3,343,40.49440793904607,morphoPC3,EPO,Morphology,4.7590077171312615,0.04321540182679224
DDexp,37.77153243329566,3,343,37.842328893472654,morphoPC3,EPO,Morphology,2.1069286715578457,0.16275344987711
MC,44.83347800997038,3,343,44.90427447014737,morphoPC3,EPO,Morphology,9.168874248232562,0.004764838720926698
WN,65.96643827456893,1,343,65.97816847984753,morphoPC3,AO,Morphology,0,0.5082575774181685
BM,118.88605815514626,1,343,118.89778836042485,morphoPC3,AO,Morphology,52.91961988057733,1.6395867983997335e-12
EB,121.36495738208284,1,343,121.37668758736143,morphoPC3,AO,Morphology,55.398519107513906,4.747317574726394e-13
OU,68.44506804872839,1,343,68.45679825400698,morphoPC3,AO,Morphology,2.478629774159458,0.14718252366699722
OUM_Diet,69.45466892704988,5,343,69.63271047007659,morphoPC3,AO,Morphology,3.6545419902290632,0.08175421483992686
OUM_Habitat,74.4449427873222,6,343,74.6949427873222,morphoPC3,AO,Morphology,8.71677430747468,0.00650519577440751
OUM_Symbiosis,68.19031221081313,4,343,68.30865540607941,morphoPC3,AO,Morphology,2.3304869262318846,0.15849846331896436
DDlin,107.79346245661884,3,343,107.86425891679583,morphoPC3,AO,Morphology,41.88609043694831,4.0797625725565865e-10
DDexp,69.20345818622349,3,343,69.27425464640048,morphoPC3,AO,Morphology,3.2960861665529535,0.09780202457098408
MC,121.36475009763159,3,343,121.43554655780858,morphoPC3,AO,Morphology,55.45737807796105,4.609642255703559e-13
WN,318.0861853190248,1,343,318.0979155243034,morphoPC4,IO,Morphology,2.2931648700194387,0.18524142880561095
BM,412.08921477451406,1,343,412.10094497979264,morphoPC4,IO,Morphology,96.29619432550868,7.165386724918317e-22
EB,414.2011867656433,1,343,414.21291697092187,morphoPC4,IO,Morphology,98.4081663166379,2.4924746154468497e-22
OU,319.6690859612202,1,343,319.6808161664988,morphoPC4,IO,Morphology,3.8760655122148364,0.0839490169704572
OUM_Diet,319.6606200569791,5,343,319.8386616000058,morphoPC4,IO,Morphology,4.033910945721857,0.07757823856508404
OUM_Habitat,324.0304221944069,7,343,324.3647505526159,morphoPC4,IO,Morphology,8.55999989833191,0.00807071824914494
OUM_Symbiosis,315.62670911125724,5,343,315.80475065428396,morphoPC4,IO,Morphology,0,0.5830322078554947
DDlin,376.4027925284043,3,343,376.4735889885813,morphoPC4,IO,Morphology,60.668838334297334,3.9050058666963156e-14
DDexp,320.2120329675133,3,343,320.28282942769033,morphoPC4,IO,Morphology,4.4780787734063665,0.062128389554169126
MC,414.20057742826043,3,343,414.27137388843744,morphoPC4,IO,Morphology,98.46662323415347,2.420677790492607e-22
WN,607.7966613342857,1,343,607.8083915395642,morphoPC4,IAA,Morphology,12.01091360674343,0.0019306721637271226
BM,756.8663388163702,1,343,756.8780690216488,morphoPC4,IAA,Morphology,161.080591088828,8.234540316825873e-36
EB,758.9272538885311,1,343,758.9389840938097,morphoPC4,IAA,Morphology,163.1415061609889,2.938443458678656e-36
OU,608.0830191838714,1,343,608.09474938915,morphoPC4,IAA,Morphology,12.297271456329213,0.001673118564437841
OUM_Diet,595.6194363897941,5,343,595.7974779328208,morphoPC4,IAA,Morphology,0,0.7831506018452484
OUM_Habitat,603.4485124031742,7,343,603.7828407613831,morphoPC4,IAA,Morphology,7.985362828562302,0.014449265787821642
OUM_Symbiosis,598.3632986209013,5,343,598.541340163928,morphoPC4,IAA,Morphology,2.7438622311071867,0.19862008937673858
DDlin,685.9833362109506,3,343,686.0541326711276,morphoPC4,IAA,Morphology,90.25665473830679,1.9717948686020376e-20
DDexp,612.5250095130383,3,343,612.5958059732153,morphoPC4,IAA,Morphology,16.798328040394495,1.7625226202637318e-4
MC,758.9262139468167,3,343,758.9970104069937,morphoPC4,IAA,Morphology,163.19953247417288,2.8544148010466996e-36
WN,394.1906153109774,1,343,394.202345516256,morphoPC4,CPO,Morphology,7.794396883298646,0.007718218809843385
BM,460.77201814875576,1,343,460.78374835403434,morphoPC4,CPO,Morphology,74.37579972107699,2.6887421884663567e-17
EB,462.87037807510507,1,343,462.88210828038365,morphoPC4,CPO,Morphology,76.47415964742629,9.416642722230201e-18
OU,388.58475627283553,1,343,388.5964864781141,morphoPC4,CPO,Morphology,2.188537845156759,0.12729575166377988
OUM_Diet,388.31269959830547,5,343,388.4907411413322,morphoPC4,CPO,Morphology,2.082792508374837,0.1342073243294688
OUM_Habitat,386.15794863295736,6,343,386.40794863295736,morphoPC4,CPO,Morphology,0,0.38023217574734025
OUM_Symbiosis,387.51349660030723,5,343,387.69153814333396,morphoPC4,CPO,Morphology,1.2835895103766006,0.2001340315341187
DDlin,423.22320714176095,3,343,423.29400360193796,morphoPC4,CPO,Morphology,36.8860549689806,3.7182946227441575e-9
DDexp,388.191953320314,3,343,388.262749780491,morphoPC4,CPO,Morphology,1.8548011475336352,0.15041249419715427
MC,462.86964267109965,3,343,462.94043913127666,morphoPC4,CPO,Morphology,76.5324904983193,9.145968679272275e-18
WN,52.10189385779956,1,343,52.113624063078156,morphoPC4,EPO,Morphology,4.908191793253479,0.05744489039147237
BM,52.053126341075725,1,343,52.06485654635432,morphoPC4,EPO,Morphology,4.859424276529644,0.058862829809594494
EB,54.84731258464704,1,343,54.85904278992564,morphoPC4,EPO,Morphology,7.653610520100962,0.014557650992487074
OU,53.02848687501267,1,343,53.040217080291264,morphoPC4,EPO,Morphology,5.834784810466587,0.03614467199227588
OUM_Diet,47.02739072679797,5,343,47.205432269824676,morphoPC4,EPO,Morphology,0,0.6684235014565089
OUM_Habitat,51.60990722162227,4,343,51.72825041688854,morphoPC4,EPO,Morphology,4.522818147063866,0.06965210228548682
OUM_Symbiosis,55.968222381452925,4,343,56.086565576719195,morphoPC4,EPO,Morphology,8.881133306894519,0.007880215911434271
DDlin,52.973714260840794,3,343,53.04451072101779,morphoPC4,EPO,Morphology,5.83907845119311,0.03606715910730974
DDexp,52.931712689383986,3,343,53.00250914956098,morphoPC4,EPO,Morphology,5.797076879736302,0.0368326071607183
MC,54.84726075719654,3,343,54.91805721737353,morphoPC4,EPO,Morphology,7.7126249475488535,0.014134370892712148
WN,81.55443935175634,1,343,81.56616955703494,morphoPC4,AO,Morphology,5.164885804839045,0.06537854747434337
BM,110.29835111966729,1,343,110.31008132494588,morphoPC4,AO,Morphology,33.90879757274999,3.747780377462866e-8
EB,112.77720897853024,1,343,112.78893918380884,morphoPC4,AO,Morphology,36.38765543161294,1.0851680241452197e-8
OU,83.28952105543452,1,343,83.30125126071312,morphoPC4,AO,Morphology,6.899967508517221,0.027457883799864052
OUM_Diet,84.71457820715696,5,343,84.89261975018367,morphoPC4,AO,Morphology,8.491335997987775,0.012390983708002196
OUM_Habitat,87.92126963876946,6,343,88.17126963876946,morphoPC4,AO,Morphology,11.769985886573565,0.002405226657778386
OUM_Symbiosis,76.28294055692962,4,343,76.4012837521959,morphoPC4,AO,Morphology,0,0.8649200602819731
DDlin,101.69632601404824,3,343,101.76712247422523,morphoPC4,AO,Morphology,25.365838722029338,2.6844423211553706e-6
DDexp,83.2314259071907,3,343,83.30222236736769,morphoPC4,AO,Morphology,6.900938615171796,0.02744455476926421
MC,112.7770026187411,3,343,112.84779907891809,morphoPC4,AO,Morphology,36.44651532672219,1.0536969535343906e-8
WN,324.94348662379656,1,343,324.95521682907514,morphoPC5,IO,Morphology,2.6064070271086166,0.1761077841930236
BM,518.2634516028222,1,343,518.2751818081008,morphoPC5,IO,Morphology,195.92637200613427,1.8487642594366006e-43
EB,520.3755456728239,1,343,520.3872758781025,morphoPC5,IO,Morphology,198.038466076136,6.430520643850404e-44
OU,327.05457338757407,1,343,327.06630359285265,morphoPC5,IO,Morphology,4.717493790886124,0.06128608604707161
OUM_Diet,327.9685177158468,5,343,328.14655925887354,morphoPC5,IO,Morphology,5.797749456907013,0.03570979435647371
OUM_Habitat,327.5073244767391,7,343,327.84165283494804,morphoPC5,IO,Morphology,5.492843032981511,0.04159076780373401
OUM_Symbiosis,322.1707682589398,5,343,322.3488098019665,morphoPC5,IO,Morphology,0,0.6482651088835418
DDlin,473.4837531713373,3,343,473.5545496315143,morphoPC5,IO,Morphology,151.20573982954778,9.502621418910164e-34
DDexp,328.00259121636304,3,343,328.07338767654005,morphoPC5,IO,Morphology,5.7245778745735265,0.03704045871615525
MC,520.3746293881441,3,343,520.4454258483211,morphoPC5,IO,Morphology,198.09661604635454,6.246245235586094e-44
WN,599.3861281891689,1,343,599.3978583944474,morphoPC5,IAA,Morphology,8.235297574823107,0.015210105126208445
BM,869.235923013726,1,343,869.2476532190046,morphoPC5,IAA,Morphology,278.0850923993803,3.845862900649366e-61
EB,871.296967903418,1,343,871.3086981086966,morphoPC5,IAA,Morphology,280.14613728907227,1.3722826955909778e-61
OU,601.3223225597501,1,343,601.3340527650287,morphoPC5,IAA,Morphology,10.171491945404341,0.005776874731783048
OUM_Diet,601.7509627555199,5,343,601.9290042985466,morphoPC5,IAA,Morphology,10.76644347892227,0.004290430449771649
OUM_Habitat,597.187573457823,7,343,597.5219018160319,morphoPC5,IAA,Morphology,6.359340996407582,0.0388589454765726
OUM_Symbiosis,590.9845192765977,5,343,591.1625608196243,morphoPC5,IAA,Morphology,0,0.9341236390361675
DDlin,784.9375518143863,3,343,785.0083482745633,morphoPC5,IAA,Morphology,193.845787454939,7.539220521782813e-43
DDexp,603.663205790178,3,343,603.734002250355,morphoPC5,IAA,Morphology,12.571441430730715,0.0017400051794967853
MC,871.2959415562732,3,343,871.3667380164502,morphoPC5,IAA,Morphology,280.20417719682587,1.333031404989887e-61
WN,359.6221038049259,1,343,359.6338340102045,morphoPC5,CPO,Morphology,0,0.5711046836500092
BM,566.4100845078791,1,343,566.4218147131577,morphoPC5,CPO,Morphology,206.78798070295318,7.133066128293892e-46
EB,568.508656187459,1,343,568.5203863927376,morphoPC5,CPO,Morphology,208.88655238253307,2.497912377977718e-46
OU,361.7196645058306,1,343,361.7313947111092,morphoPC5,CPO,Morphology,2.097560700904694,0.20009498449598845
OUM_Diet,366.5219001864114,5,343,366.69994172943814,morphoPC5,CPO,Morphology,7.066107719233628,0.01668514273945389
OUM_Habitat,363.55474696862,6,343,363.80474696862,morphoPC5,CPO,Morphology,4.170912958415499,0.07095997938834156
OUM_Symbiosis,363.1463419845444,5,343,363.3243835275711,morphoPC5,CPO,Morphology,3.6905495173666054,0.09022420760495999
DDlin,513.707935760172,3,343,513.778732220349,morphoPC5,CPO,Morphology,154.14489821014445,1.9256456314777124e-34
DDexp,364.3972389692161,3,343,364.4680354293931,morphoPC5,CPO,Morphology,4.8342014191886165,0.05093100212124688
MC,568.5076908928828,3,343,568.5784873530598,morphoPC5,CPO,Morphology,208.9446533428553,2.4263907230762756e-46
WN,54.82223571758503,1,343,54.83396592286363,morphoPC5,EPO,Morphology,0,0.6031818705463295
BM,65.08162502805628,1,343,65.09335523333488,morphoPC5,EPO,Morphology,10.25938931047125,0.0035698518828965456
EB,67.875916496788,1,343,67.88764670206659,morphoPC5,EPO,Morphology,13.053680779202963,8.828308771583955e-4
OU,57.61635289847518,1,343,57.628083103753774,morphoPC5,EPO,Morphology,2.7941171808901473,0.14918097561199406
OUM_Diet,63.30149264679059,5,343,63.4795341898173,morphoPC5,EPO,Morphology,8.645568266953674,0.007999944685191794
OUM_Habitat,60.0480568419513,4,343,60.16640003721757,morphoPC5,EPO,Morphology,5.332434114353944,0.041930005971759055
OUM_Symbiosis,59.97124052769821,4,343,60.08958372296448,morphoPC5,EPO,Morphology,5.2556178001008504,0.04357178730428559
DDlin,62.3822230936202,3,343,62.45301955379719,morphoPC5,EPO,Morphology,7.619053630933564,0.0133657029603385
DDexp,57.75025689728062,3,343,57.821053357457615,morphoPC5,EPO,Morphology,2.987087434593988,0.1354598170882134
MC,67.87574451633722,3,343,67.94654097651421,morphoPC5,EPO,Morphology,13.112575053650588,8.572130718331997e-4
WN,93.02525754406591,1,343,93.0369877493445,morphoPC5,AO,Morphology,3.2763144047190735,0.052826709104721814
BM,103.7387714290006,1,343,103.75050163427919,morphoPC5,AO,Morphology,13.989828289653758,2.491400663021486e-4
EB,106.21760598698489,1,343,106.22933619226349,morphoPC5,AO,Morphology,16.468662847638058,7.213922804224527e-5
OU,89.84094299304098,1,343,89.85267319831958,morphoPC5,AO,Morphology,0.09199985369414776,0.25960836126647163
OUM_Diet,90.00092785083302,5,343,90.17896939385973,morphoPC5,AO,Morphology,0.41829604923429997,0.2205283140006662
OUM_Habitat,92.92435299024227,6,343,93.17435299024227,morphoPC5,AO,Morphology,3.4136796456168383,0.049320227776174494
OUM_Symbiosis,91.00108242398125,4,343,91.11942561924752,morphoPC5,AO,Morphology,1.3587522746220912,0.13779925912526766
DDlin,96.81868048241328,3,343,96.88947694259028,morphoPC5,AO,Morphology,7.128803597964847,0.00769655110782587
DDexp,89.68987688444844,3,343,89.76067334462543,morphoPC5,AO,Morphology,0,0.2718292520674806
MC,106.2174240037268,3,343,106.2882204639038,morphoPC5,AO,Morphology,16.527547119278367,7.004625704736634e-5
WN,332.7193408581669,1,343,332.7310710634455,morphoPC6,IO,Morphology,21.848545091679,1.780068430694593e-5
BM,391.4044031657435,1,343,391.41613337102206,morphoPC6,IO,Morphology,80.53360739925557,3.214676925516879e-18
EB,393.5163855542383,1,343,393.5281157595169,morphoPC6,IO,Morphology,82.6455897877504,1.1182172417168355e-18
OU,330.9125556278095,1,343,330.9242858330881,morphoPC6,IO,Morphology,20.041759861321623,4.393140832877985e-5
OUM_Diet,319.7824315519493,5,343,319.960473094976,morphoPC6,IO,Morphology,9.077947123209526,0.010556909833201844
OUM_Habitat,310.54819761355753,7,343,310.8825259717665,morphoPC6,IO,Morphology,0,0.9880706147638564
OUM_Symbiosis,332.9967349946672,5,343,333.1747765376939,morphoPC6,IO,Morphology,22.292250565927418,1.4258941215188296e-5
DDlin,356.78124649066274,3,343,356.85204295083975,morphoPC6,IO,Morphology,45.96951697907326,1.0295186151372694e-10
DDexp,324.0839254662832,3,343,324.1547219264602,morphoPC6,IO,Morphology,13.2721959546937,0.001296484266138972
MC,393.5157881568275,3,343,393.5865846170045,morphoPC6,IO,Morphology,82.70405864523804,1.0860000199897982e-18
WN,588.823785091989,1,343,588.8355152972675,morphoPC6,IAA,Morphology,83.05397159940514,9.173064051552147e-19
BM,584.6278888609097,1,343,584.6396190661883,morphoPC6,IAA,Morphology,78.8580753683259,7.475525304569739e-18
EB,586.6886138311161,1,343,586.7003440363947,morphoPC6,IAA,Morphology,80.91880033853226,2.6678473374321264e-18
OU,529.9336495518812,1,343,529.9453797571598,morphoPC6,IAA,Morphology,24.16383605929741,5.627880637013618e-6
OUM_Diet,526.1092323355904,5,343,526.287273878617,morphoPC6,IAA,Morphology,20.505730180754654,3.5050359476146724e-5
OUM_Habitat,515.7384384132151,7,343,516.0727667714241,morphoPC6,IAA,Morphology,10.291223073561696,0.005790879293041211
OUM_Symbiosis,528.477496107894,5,343,528.6555376509207,morphoPC6,IAA,Morphology,22.87399395305829,1.0725820692928894e-5
DDlin,536.7513603501636,3,343,536.8221568103406,morphoPC6,IAA,Morphology,31.04061311247824,1.8074725652591728e-7
DDexp,505.7107472376854,3,343,505.7815436978624,morphoPC6,IAA,Morphology,0,0.9941575358988962
MC,586.6876166383456,3,343,586.7584130985226,morphoPC6,IAA,Morphology,80.97686940066023,2.5915013394213293e-18
WN,396.94591053794574,1,343,396.9576407432243,morphoPC6,CPO,Morphology,70.94074428699662,3.0747692317499133e-16
BM,353.735114454008,1,343,353.7468446592866,morphoPC6,CPO,Morphology,27.729948203058882,7.428783051924468e-7
EB,355.83327868592954,1,343,355.8450088912081,morphoPC6,CPO,Morphology,29.828112434980426,2.601998857275548e-7
OU,333.68161493888107,1,343,333.69334514415965,morphoPC6,CPO,Morphology,7.676448687931952,0.016806596236377192
OUM_Diet,332.33496938459126,5,343,332.513010927618,morphoPC6,CPO,Morphology,6.496114471390285,0.030323971875821126
OUM_Habitat,328.9370684850814,6,343,329.1870684850814,morphoPC6,CPO,Morphology,3.170172028853699,0.1599577586605337
OUM_Symbiosis,336.05923600576006,5,343,336.2372775487868,morphoPC6,CPO,Morphology,10.22038109255908,0.004710552666729957
DDlin,335.19610086452366,3,343,335.26689732470066,morphoPC6,CPO,Morphology,9.250000868472966,0.007652216559394661
DDexp,325.9460999960507,3,343,326.0168964562277,morphoPC6,CPO,Morphology,0,0.7805476482298025
MC,355.83276087422615,3,343,355.90355733440316,morphoPC6,CPO,Morphology,29.886660878175462,2.526931496270901e-7
WN,56.00498165737114,1,343,56.016711862649736,morphoPC6,EPO,Morphology,3.974392157696286,0.03828389084263665
BM,52.03058949967485,1,343,52.04231970495345,morphoPC6,EPO,Morphology,0,0.2792829098692626
EB,54.82479422323889,1,343,54.836524428517485,morphoPC6,EPO,Morphology,2.794204723564036,0.06907016832669664
OU,53.161867149982065,1,343,53.17359735526066,morphoPC6,EPO,Morphology,1.1312776503072115,0.1586319052134105
OUM_Diet,55.60270214123157,5,343,55.780743684258276,morphoPC6,EPO,Morphology,3.7384239793048266,0.043078037319234166
OUM_Habitat,55.6784965980056,4,343,55.79683979327187,morphoPC6,EPO,Morphology,3.754520088318422,0.04273273429941059
OUM_Symbiosis,56.27287451420189,4,343,56.39121770946816,morphoPC6,EPO,Morphology,4.348898004514709,0.03174630306519129
DDlin,53.467030933391776,3,343,53.53782739356877,morphoPC6,EPO,Morphology,1.4955076886153194,0.13222056004700244
DDexp,53.30531417829497,3,343,53.376110638471964,morphoPC6,EPO,Morphology,1.3337909335185145,0.14335582340186034
MC,54.99472579575714,3,343,55.065522255934134,morphoPC6,EPO,Morphology,3.0232025509806846,0.06159766761529476
WN,68.43513924373741,1,343,68.446869449016,morphoPC6,AO,Morphology,0,0.5364955881358426
BM,91.4748765807063,1,343,91.48660678598489,morphoPC6,AO,Morphology,23.039737336968884,5.327834919154383e-6
EB,93.95373483072507,1,343,93.96546503600366,morphoPC6,AO,Morphology,25.518595586987658,1.5426717627867663e-6
OU,70.47902241354792,1,343,70.49075261882652,morphoPC6,AO,Morphology,2.0438831698105133,0.1930823445693532
OUM_Diet,73.71155530080448,5,343,73.88959684383119,morphoPC6,AO,Morphology,5.442727394815179,0.035293352833604685
OUM_Habitat,78.90533251954035,6,343,79.15533251954035,morphoPC6,AO,Morphology,10.708463070524346,0.0025366055848506184
OUM_Symbiosis,73.12626845055672,4,343,73.244611645823,morphoPC6,AO,Morphology,4.797742196806993,0.04872475612326712
DDlin,83.23489319482185,3,343,83.30568965499884,morphoPC6,AO,Morphology,14.858820205982838,3.1843026874601754e-4
DDexp,70.52131837393564,3,343,70.59211483411264,morphoPC6,AO,Morphology,2.1452453850966293,0.1835405540491822
MC,93.95353395459527,3,343,94.02433041477227,morphoPC6,AO,Morphology,25.57746096575626,1.4979284716492731e-6
WN,312.8513395652334,1,343,312.86306977051197,morphoPC7,IO,Morphology,8.429433125056846,0.011123450911643353
BM,364.05697713899406,1,343,364.06870734427264,morphoPC7,IO,Morphology,59.635070698817515,8.454279902787733e-14
EB,366.1687822189587,1,343,366.1805124242373,morphoPC7,IO,Morphology,61.74687577878217,2.941060617457253e-14
OU,310.6356851794592,1,343,310.64741538473777,morphoPC7,IO,Morphology,6.213778739282645,0.03367927851384909
OUM_Diet,310.77797318443095,5,343,310.95601472745767,morphoPC7,IO,Morphology,6.522378082002547,0.028863652251702097
OUM_Habitat,307.42124720944986,7,343,307.7555755676588,morphoPC7,IO,Morphology,3.3219389222036853,0.14299400065042828
OUM_Symbiosis,304.2555951024284,5,343,304.4336366454551,morphoPC7,IO,Morphology,0,0.752779334957799
DDlin,335.67226062178037,3,343,335.7430570819574,morphoPC7,IO,Morphology,31.30942043650225,1.1965019889997613e-7
DDexp,310.77098985894304,3,343,310.84178631912005,morphoPC7,IO,Morphology,6.408149673664923,0.030560163064236808
MC,366.16810684894926,3,343,366.2389033091263,morphoPC7,IO,Morphology,61.80526666367115,2.856436383324734e-14
WN,593.383931650245,1,343,593.3956618555236,morphoPC7,IAA,Morphology,22.822645123288567,8.87123435774406e-6
BM,669.9403422955256,1,343,669.9520725008042,morphoPC7,IAA,Morphology,99.37905576856917,2.1084859124473714e-22
EB,672.0010904569457,1,343,672.0128206622243,morphoPC7,IAA,Morphology,101.43980392998924,7.524626126022945e-23
OU,577.9691310882516,1,343,577.9808612935302,morphoPC7,IAA,Morphology,7.407844561295178,0.019736287563317016
OUM_Diet,576.4710157654238,5,343,576.6490573084504,morphoPC7,IAA,Morphology,6.076040576215405,0.0384116554989699
OUM_Habitat,573.8198815826751,7,343,574.154209940884,morphoPC7,IAA,Morphology,3.5811932086489833,0.13372488947942143
OUM_Symbiosis,579.9630928323718,5,343,580.1411343753985,morphoPC7,IAA,Morphology,9.568117643163419,0.0067014398660133175
DDlin,611.341925495519,3,343,611.412721955696,morphoPC7,IAA,Morphology,40.83970522346101,1.0854983350206263e-9
DDexp,570.502220272058,3,343,570.573016732235,morphoPC7,IAA,Morphology,0,0.8014168552724222
MC,672.0001449468739,3,343,672.0709414070509,morphoPC7,IAA,Morphology,101.49792467481586,7.309104426180413e-23
WN,379.15093115471103,1,343,379.1626613599896,morphoPC7,CPO,Morphology,5.576490440116572,0.028310789262491524
BM,447.6338268815251,1,343,447.6455570868037,morphoPC7,CPO,Morphology,74.05938616693066,3.8113612794800526e-17
EB,449.73217131555907,1,343,449.74390152083765,morphoPC7,CPO,Morphology,76.15773060096461,1.3348436908752224e-17
OU,376.98145037215477,1,343,376.99318057743335,morphoPC7,CPO,Morphology,3.407009657560309,0.08376232878934609
OUM_Diet,375.4242956722692,5,343,375.6023372152959,morphoPC7,CPO,Morphology,2.016166295422863,0.167906126158371
OUM_Habitat,373.33617091987304,6,343,373.58617091987304,morphoPC7,CPO,Morphology,0,0.4601204017071612
OUM_Symbiosis,375.49167976985575,5,343,375.6697213128825,morphoPC7,CPO,Morphology,2.083550393009432,0.1623432631054912
DDlin,410.58235476760655,3,343,410.65315122778355,morphoPC7,CPO,Morphology,37.06698030791051,4.110351722450283e-9
DDexp,376.6174754298725,3,343,376.6882718900495,morphoPC7,CPO,Morphology,3.1021009701764797,0.0975570868667873
MC,449.7315131942401,3,343,449.8023096544171,morphoPC7,CPO,Morphology,76.21613873454407,1.2964245546130685e-17
WN,54.76618483867957,1,343,54.77791504395817,morphoPC7,EPO,Morphology,0,0.5747727527758388
BM,66.01846558741848,1,343,66.03019579269707,morphoPC7,EPO,Morphology,11.252280748738904,0.0020705916252623706
EB,68.8127450758644,1,343,68.824475281143,morphoPC7,EPO,Morphology,14.046560237184828,5.120641501774291e-4
OU,57.54353058625189,1,343,57.555260791530486,morphoPC7,EPO,Morphology,2.777345747572319,0.1433518182630727
OUM_Diet,60.26787037385983,5,343,60.44591191688654,morphoPC7,EPO,Morphology,5.66799687292837,0.033783628243608615
OUM_Habitat,60.546070011287284,4,343,60.664413206553554,morphoPC7,EPO,Morphology,5.886498162595387,0.030287214774148027
OUM_Symbiosis,58.82939314216947,4,343,58.94773633743574,morphoPC7,EPO,Morphology,4.169821293477575,0.07145473007524429
DDlin,63.490655705657844,3,343,63.56145216583484,morphoPC7,EPO,Morphology,8.78353712187667,0.007115006813586061
DDexp,57.58748032812055,3,343,57.65827678829754,morphoPC7,EPO,Morphology,2.8803617443393748,0.13615499119079036
MC,68.8125855225972,3,343,68.8833819827742,morphoPC7,EPO,Morphology,14.10546693881603,4.972020882712793e-4
WN,84.08882942942151,1,343,84.1005596347001,morphoPC7,AO,Morphology,5.523923148642126,0.018764380147595818
BM,84.1626947218329,1,343,84.1744249271115,morphoPC7,AO,Morphology,5.597788441053524,0.01808400332807751
EB,86.64148824752709,1,343,86.65321845280569,morphoPC7,AO,Morphology,8.07658196674771,0.005236382988513011
OU,80.0245597799868,1,343,80.0362899852654,morphoPC7,AO,Morphology,1.4596534992074197,0.14317894683217564
OUM_Diet,80.22196793832282,5,343,80.40000948134953,morphoPC7,AO,Morphology,1.8233729952915496,0.11937090282746249
OUM_Habitat,87.59293731912298,6,343,87.84293731912298,morphoPC7,AO,Morphology,9.266300833065003,0.002888598849690501
OUM_Symbiosis,78.4582932907917,4,343,78.57663648605798,morphoPC7,AO,Morphology,0,0.29705638640355186
DDlin,80.48462335593386,3,343,80.55541981611086,morphoPC7,AO,Morphology,1.9787833300528774,0.11044639708046072
DDexp,78.62489320702046,3,343,78.69568966719746,morphoPC7,AO,Morphology,0.11905318113947772,0.27988964022568563
MC,86.64134513348095,3,343,86.71214159365795,morphoPC7,AO,Morphology,8.135505107599968,0.0050843613167868415
WN,351.1306561224823,1,343,351.1423863277609,morphoPC8,IO,Morphology,10.006199776527808,0.005053550011971949
BM,450.57564551677075,1,343,450.58737572204933,morphoPC8,IO,Morphology,109.45118917081624,1.2864458034393908e-24
EB,452.68760158964415,1,343,452.6993317949227,morphoPC8,IO,Morphology,111.56314524368963,4.474928085299355e-25
OU,346.56814944252574,1,343,346.5798796478043,morphoPC8,IO,Morphology,5.443693096571224,0.04946890591993003
OUM_Diet,345.25883287396516,5,343,345.4368744169919,morphoPC8,IO,Morphology,4.300687865758789,0.0876057753454291
OUM_Habitat,347.2568431266809,7,343,347.59117148488986,morphoPC8,IO,Morphology,6.45498493365676,0.029835483016058404
OUM_Symbiosis,340.9581450082064,5,343,341.1361865512331,morphoPC8,IO,Morphology,0,0.7523418867347866
DDlin,413.5583553391233,3,343,413.6291517993003,morphoPC8,IO,Morphology,72.49296524806721,1.3638538998511272e-16
DDexp,345.65836346975107,3,343,345.7291599299281,morphoPC8,IO,Morphology,4.592973378694978,0.07569439897182378
MC,452.6868827042623,3,343,452.7576791644393,morphoPC8,IO,Morphology,111.62149261320621,4.3462638740140335e-25
WN,573.5199709795705,1,343,573.5317011848491,morphoPC8,IAA,Morphology,11.168994321915193,0.0023103340690411914
BM,665.9360929356307,1,343,665.9478231409092,morphoPC8,IAA,Morphology,103.58511627797532,1.9759178302131973e-23
EB,667.9968145032491,1,343,668.0085447085277,morphoPC8,IAA,Morphology,105.64583784559375,7.051619619808334e-24
OU,564.9530949505001,1,343,564.9648251557787,morphoPC8,IAA,Morphology,2.602118292844807,0.1674743402922951
OUM_Diet,567.3057460541456,5,343,567.4837875971723,morphoPC8,IAA,Morphology,5.121080734238376,0.047529421844911685
OUM_Habitat,565.7928719559033,7,343,566.1272003141122,morphoPC8,IAA,Morphology,3.764493451178282,0.0936573180208968
OUM_Symbiosis,566.4239834954005,5,343,566.6020250384272,morphoPC8,IAA,Morphology,4.239318175493281,0.07386434283690388
DDlin,607.2967002073226,3,343,607.3674966674996,morphoPC8,IAA,Morphology,45.00478980456569,1.0383054843314754e-10
DDexp,562.2919104027569,3,343,562.3627068629339,morphoPC8,IAA,Morphology,0,0.6151642428321208
MC,667.9961007340398,3,343,668.0668971942168,morphoPC8,IAA,Morphology,105.70419033128292,6.8488522322638e-24
WN,354.9223528143612,1,343,354.9340830196398,morphoPC8,CPO,Morphology,0.4779257598715958,0.3139680579396723
BM,478.6591230947417,1,343,478.67085330002027,morphoPC8,CPO,Morphology,124.21469604025208,4.244115516190775e-28
EB,480.75756278956914,1,343,480.7692929948477,morphoPC8,CPO,Morphology,126.31313573507953,1.486335346865934e-28
OU,354.4444270544896,1,343,354.4561572597682,morphoPC8,CPO,Morphology,0,0.39871789404776875
OUM_Diet,358.1476021456375,5,343,358.32564368866423,morphoPC8,CPO,Morphology,3.869486428896039,0.05759932909137257
OUM_Habitat,359.61571989542927,6,343,359.86571989542927,morphoPC8,CPO,Morphology,5.409562635661075,0.02666822592629143
OUM_Symbiosis,358.0360783814506,5,343,358.2141199244773,morphoPC8,CPO,Morphology,3.7579626647091118,0.06090241334992388
DDlin,433.68354181039194,3,343,433.75433827056895,morphoPC8,CPO,Morphology,79.29818101080076,2.405938422395417e-18
DDexp,356.44818669114943,3,343,356.51898315132644,morphoPC8,CPO,Morphology,2.062825891558248,0.14214407964497108
MC,480.75682546044794,3,343,480.82762192062495,morphoPC8,CPO,Morphology,126.37146466085676,1.44361318734489e-28
WN,60.63902210661824,1,343,60.65075231189684,morphoPC8,EPO,Morphology,0,0.600234240455579
BM,77.35252496125835,1,343,77.36425516653695,morphoPC8,EPO,Morphology,16.71350285464011,1.4093852909470868e-4
EB,80.14682404786468,1,343,80.15855425314328,morphoPC8,EPO,Morphology,19.50780194124644,3.4854222366070255e-5
OU,63.43313732375401,1,343,63.44486752903261,morphoPC8,EPO,Morphology,2.7941152171357686,0.14845210355307276
OUM_Diet,68.86291538138882,5,343,69.040956924415525,morphoPC8,EPO,Morphology,8.390204612518687,0.009045050242240895
OUM_Habitat,64.96792332925834,4,343,65.08626652452462,morphoPC8,EPO,Morphology,4.43551421262778,0.0653372863098719
OUM_Symbiosis,66.42569337848128,4,343,66.54403657374756,morphoPC8,EPO,Morphology,5.893284261850724,0.03152175205239643
DDlin,74.04665366780242,3,343,74.11745012797941,morphoPC8,EPO,Morphology,13.466697816082572,7.146024333175e-4
DDexp,63.42823986153572,3,343,63.499036321712715,morphoPC8,EPO,Morphology,2.8482840098158775,0.14448532927375568
MC,80.14664623960499,3,343,80.21744269978198,morphoPC8,EPO,Morphology,19.566690387885146,3.384292830495185e-5
WN,94.88605735718468,1,343,94.89778756246328,morphoPC8,AO,Morphology,0,0.40657198360676494
BM,123.80591860805427,1,343,123.81764881333287,morphoPC8,AO,Morphology,28.919861250869587,2.1343683354642197e-7
EB,126.28478265186708,1,343,126.29651285714567,morphoPC8,AO,Morphology,31.398725294682393,6.180034242941448e-8
OU,96.0780923353124,1,343,96.089822540591,morphoPC8,AO,Morphology,1.1920349781277224,0.22402183072284548
OUM_Diet,100.84661907095023,5,343,101.02466061397693,morphoPC8,AO,Morphology,6.126873051513655,0.018997824431353463
OUM_Habitat,100.47622396202757,6,343,100.72622396202757,morphoPC8,AO,Morphology,5.828436399564296,0.02205507634164441
OUM_Symbiosis,98.09991540986667,4,343,98.21825860513295,morphoPC8,AO,Morphology,3.3204710426696664,0.07728697742501987
DDlin,114.5063968155099,3,343,114.5771932756869,morphoPC8,AO,Morphology,19.679405713223616,2.1667499460440675e-5
DDexp,95.79125421894459,3,343,95.86205067912158,morphoPC8,AO,Morphology,0.9642631166583016,0.2510443047303405
MC,126.28466526253767,3,343,126.35546172271467,morphoPC8,AO,Morphology,31.457674160251386,6.000539486476753e-8
