"species","PC1_mean","PC1_sd","PC2_mean","PC2_sd","PC3_mean","PC3_sd","PC4_mean","PC4_sd","PC5_mean","PC5_sd","PC6_mean","PC6_sd","PC7_mean","PC7_sd","PC8_mean","PC8_sd"
"Abudefduf_abdominalis",-50.4859675193095,58.6737732047367,-111.29079508293,34.7915912204216,-52.9140872039852,34.4338507479382,-8.02081124252794,46.1270346399415,-41.7606627388026,36.3558472049884,93.3524763243316,21.8854126936052,-5.21718027575767,5.52560535740199,85.6418449032329,35.9183680780326
"Abudefduf_bengalensis",-64.2969770871967,64.4450040097469,-48.9454716550458,44.0641962070307,29.7591032036416,61.9625818236354,-70.2586513450348,38.5562733421339,-82.5998842528666,90.5122971184505,8.37507570466944,53.3557711940637,-14.1181081103903,24.6437367879452,21.9349568360745,63.9816424306182
"Abudefduf_caudobimaculatus",-56.1331626024344,20.7622958011134,-98.7081440284718,2.42352434823895,-121.942595343517,5.58793787949092,19.5591862052411,10.4577040750544,15.7882069611793,11.7124242352791,55.392883890645,23.3534696364296,3.37649506228973,9.70166868581335,0.961383389165006,1.12573886659598
"Abudefduf_concolor",-13.9717799096784,80.1423657013643,-30.2351196700484,51.6739392660357,-43.1838791572524,19.8971201169366,29.3638993999623,36.0051419044012,-79.8361903671206,94.7924291713293,35.0046726648289,17.776813028858,44.1520399334891,15.7534200077285,21.3972617524286,42.2440137833064
"Abudefduf_conformis",20.7324210808604,115.483176701862,-115.043407782554,90.7587286748188,-70.056848368825,11.3446095217952,47.6779572875782,57.4128483992407,-2.69427058752564,53.0194730503911,-5.38798784235744,41.3849101762591,8.13613364145965,18.8334992690807,0.525806983254191,53.2556960801768
"Abudefduf_declivifrons",26.1968582535693,49.688946206876,-41.1010479032478,128.108295594341,-14.3485893134674,53.635244000767,7.02857956001047,29.9523801248057,-35.8151644088698,1.3618340397176,14.3650989210291,0.000675701620100898,21.5097607192525,0.864984971958871,1.50154921970455,77.0687246246904
"Abudefduf_hoefleri",303.300262843493,9.7227729336792,-196.283140554345,68.7758773837389,-75.0870191051618,11.9996395691522,-49.5186107285877,36.8960537307542,3.04003476625246,20.1066380801609,-27.4394555162539,41.1015889678718,20.8247199371939,7.15950609657731,-34.9950745061982,27.714855792785
"Abudefduf_lorenzi",-131.927066972929,85.8225067929962,-21.3256099696668,20.2362997515377,-8.24465881588763,19.6122727825555,8.67972852659772,38.0746654092605,13.9399541213327,27.0083849038242,71.3317242312452,12.9003407389719,22.7397326555538,17.3688969075262,-31.3211938582046,12.0106480897258
"Abudefduf_margariteus",-40.7463974876901,52.2387063743862,-169.165576911038,119.920405665125,84.9154360170445,121.146197717687,19.8210855958847,49.6860514779011,-47.5591982546412,134.35203771799,57.5492085514406,67.8405141505139,-23.8409470549654,27.1826374987495,49.0188015473772,127.446276501486
"Abudefduf_natalensis",-83.3368991845998,153.626343368304,-114.573999787908,91.2175190751099,173.299955132914,136.543278807743,54.4584005032044,75.0820198712637,-137.639656729594,73.4535296811564,17.4089441084561,48.5737788864416,5.38831496035699,43.9276202818399,-26.2876677749857,32.2747083502159
"Abudefduf_nigrimargo",-80.143662968984,71.9911342218755,-56.9002554209315,45.8268816884647,94.5545278300473,174.221014487895,59.1637281115915,27.4605271441658,6.23480023499949,74.647816137524,32.4702698702392,71.1675499418931,-41.0595375183087,21.2438753349414,-88.4754011384481,54.017878387492
"Abudefduf_notatus",54.7269077463183,121.902546386361,-3.22769086753226,41.0783766310634,76.0088242682548,24.1806465181737,14.8019435697763,15.3255824376284,-23.758428367296,9.21912976394485,-4.39776815458415,42.8693749583614,-38.319551186223,36.0853734304296,69.7760432835464,10.0316309128654
"Abudefduf_saxatilis",-193.856518509984,80.9931548392546,-81.2940100775707,15.5784989037679,4.20616441260511,46.9450714026842,-1.86587546767118,27.122409604089,-10.7156058729266,30.9521789190338,15.0224593807374,12.026272889911,3.60610024778418,9.7150077476308,0.152157406321724,21.0893382925971
"Abudefduf_septemfasciatus",-183.772652657934,50.9932960863475,-63.7999117773644,44.1830568218734,-13.0148148606678,62.3444124763282,-18.8632562730641,48.3596157617929,-53.0396787370665,54.2745455954188,-0.498293433619763,28.702102072588,47.238517800365,12.6316427109482,52.9810170519855,20.7896619022224
"Abudefduf_sexfasciatus",-134.688763085576,190.512347422595,-172.363077990178,64.4221102336225,31.7740647921135,61.1596446712377,64.7403886625342,109.995145351566,-36.849647759694,10.1966388307102,-4.32052470076843,52.1455570881345,-10.3888026610503,24.0342681626687,-29.7863541250884,29.7775269565834
"Abudefduf_sordidus",-155.318737184693,73.6885945515656,-102.276105735914,46.9884972627973,-37.0456847730816,62.6975596124264,-36.5394334079087,24.0036675064756,-29.8790870825622,44.6672568159787,14.4107921768259,13.9712861096209,45.8018722788435,14.1902525449572,37.1991631647149,25.8459932112366
"Abudefduf_sparoides",-166.414786245416,33.7023878447086,-184.206118048222,14.594640569754,62.837693599455,88.5470950852767,-4.69587671521715,107.352579349127,-21.7007796070166,38.9517184962414,24.9395937660575,75.4239572366639,-35.5034011695086,47.940244764291,43.6465534734646,64.0625039445644
"Abudefduf_taurus",-80.0290130599101,16.7793180317409,38.1161536560906,18.1037864085044,39.4398167126914,37.2369953632631,1.82707472941145,46.4197798898248,-10.2297353646962,43.1028078809082,50.3215135430245,50.5007996708929,4.63318065858924,31.2406948122441,56.8367779745492,18.7450535133058
"Abudefduf_troschelii",38.4155769170566,98.41958761866,-214.290509858036,24.8808821880104,-1.20323520092153,47.5245225059157,38.439881147531,9.27507338000605,-94.7350261192206,7.85870291662102,149.43583807128,6.2213315456006,-16.3455958212035,13.675862587697,3.16893032020841,19.0637444552306
"Abudefduf_vaigiensis",-44.8245353180291,130.520672132247,-113.774177678775,47.3187855517503,-26.0116346230229,14.0383253146263,18.7587897662958,55.4741738169393,-15.7467346111776,61.4945786056066,30.0822248598876,15.628083990686,-4.33007489320154,25.9917195422002,-33.1747090432378,29.8308130425492
"Abudefduf_whitleyi",-92.7330119132185,81.8483152118281,-148.494305011953,29.1598364543334,-112.440741649168,30.9192422685887,11.7311336269817,45.4837732260367,13.4374200519047,55.4233724788363,13.855050576569,17.4966235665648,31.4615876260751,15.9539817050583,36.9037231611836,32.2426106183864
"Acanthochromis_polyacanthus",-2.14138437356478,177.318242314553,50.9551241506765,120.257933366443,9.95236098690522,97.469976375137,38.8119934156789,66.0644451891588,-49.305198508383,31.8731966313071,-17.9663851404366,54.09253928324,-37.6991143212898,65.3091614835903,-37.0251240568099,55.4051073193678
"Altrichthys_alelia",-215.930823671925,108.272952789459,-73.6397453341294,149.262288797278,117.552287026722,73.4781829853135,69.7916777850385,7.73936354259083,2.871060908991,60.4799748727294,13.9483560977496,7.28118556207042,-47.4025850291386,36.5096006647203,-114.779217882802,30.267732143374
"Altrichthys_azurelineatus",-148.639053143441,231.76702671074,-55.1677128535176,46.1448908637962,-38.0033274091034,76.6043594589923,37.7309360418914,88.2403235516138,-26.1374628775217,10.5717347560534,68.888081579239,30.7218224273612,26.8201585258902,36.3209772715681,7.11718019710325,32.8859992631944
"Altrichthys_curatus",-271.699761879119,NA,-42.740286181611,NA,11.4499688436469,NA,76.0988430739482,NA,3.15692188933092,NA,-38.0558564356471,NA,19.2556963587194,NA,-43.9137098777706,NA
"Amblyglyphidodon_aureus",-157.700255225965,65.1430672756762,158.546702999336,135.39246498948,-28.8336004901323,62.8379533819081,2.20263667091193,41.4757016230201,34.3355108682672,92.6330514690029,46.6106137892528,66.755028439482,25.6813234187479,39.2660571026625,78.6510868089979,19.0125994774945
"Amblyglyphidodon_batunaorum",-192.404930892852,91.2442326715075,-22.5880755051306,52.9173558964728,-79.1953477895937,27.4550407615248,12.9460482058962,75.7759484623505,19.2401263521981,76.0465746397806,43.6490291072182,49.8780785244472,3.36835650163631,16.1658283561593,1.47427292508428,36.1231831454856
"Amblyglyphidodon_curacao",-120.786274905595,195.685348184164,-123.046632008969,91.6320011354778,4.23025441472017,51.4208941119086,32.0670343029288,13.2891428153352,-19.8295306677919,35.2513808628081,61.98456755875,46.3307462690422,24.3389214828406,12.4846414303967,37.4208603266163,36.5839089760977
"Amblyglyphidodon_flavilatus",-189.938219992319,157.018592786356,-52.984913301973,162.340698988886,-24.3450359522941,45.4909664847701,-48.2658900677421,60.5840775571789,47.8391292601914,37.6321146119167,11.0334244165033,69.6358286035898,29.3444392502847,19.5386089856408,9.89607858852114,89.5599632936782
"Amblyglyphidodon_flavopurpureus",44.4776944499209,69.7621128673808,145.554081948915,10.142994502792,-7.60506469095574,33.2394424611839,-4.43420698356904,36.6995995369718,55.5967476782416,9.54772723386052,-8.71890755980488,17.1412036664293,28.5782828609191,34.6803056669882,52.2934524934335,55.2422512049863
"Amblyglyphidodon_indicus",-102.287692121085,141.192603511941,-166.663030409841,134.07453635972,-11.0534880166663,78.8299627407465,-83.7843544977821,72.5055035794468,22.2433387848294,41.8188704177845,54.268620724399,22.5475968422591,9.6487309822089,39.6499798735931,14.3043020953366,15.6579575213403
"Amblyglyphidodon_leucogaster",62.6410462884939,140.127555389075,-66.3853904488941,84.2843022705272,73.608532013475,40.4030154827085,52.1484629234131,30.4037615206252,-2.30851525872502,50.9780254891388,106.584847632895,122.286765951445,-51.6908402522228,8.26524558152424,54.4263381590147,41.7814692566773
"Amblyglyphidodon_melanopterus",-142.950595698816,97.7532113968014,-47.023098476107,53.5866626430706,-137.012247600018,21.5176904057729,-36.9773762318408,65.885923444213,39.5725655551948,52.1038760851539,-14.0098931449343,14.6251348288699,40.4898203471225,17.3186698324023,44.6524092102655,12.8334582008273
"Amblyglyphidodon_orbicularis",-95.2942399108982,119.262605239195,-33.8150309881943,57.2244372645338,-2.04631642287753,38.9910320527379,-35.1453355689391,48.4070532522889,65.5945058393537,64.23446105174,35.0294817829617,34.2765411758721,48.455747409071,58.5751889935573,100.654280813996,7.52360479462716
"Amblyglyphidodon_silolona",-121.976696395058,45.0952632137182,-93.972832527747,20.4979080389637,-5.31267930533654,55.5659672732078,-25.3292907840988,52.1448828504221,23.1325645606014,25.2100302549358,15.2803992044369,19.6157109803033,35.582207784899,30.0940267829747,32.4837691339961,31.4367029947829
"Amblyglyphidodon_ternatensis",-90.4165296252765,32.7013421061947,129.78188613524,83.9114934047583,7.84762554740445,144.270872879251,14.0439588859273,39.449554703246,40.6017249265993,18.5532964461592,48.0436817724528,15.6625872139596,0.837870956836278,23.7329553804803,-4.37959890310277,72.7304325605824
"Amblypomacentrus_annulatus",-44.517978335263,105.729490525453,33.4509175222174,30.0044458406492,103.075194268893,86.8182078167775,-82.6562201316052,55.336093762543,-159.856794159709,25.9885157323643,54.4267210188208,37.173091256916,-72.2004662759118,31.3773792421371,-58.1164561819881,24.5739830530865
"Amblypomacentrus_breviceps",-140.423609966796,27.8541061625299,39.6837831538059,43.6370084248422,32.2253394642703,29.6779368833131,-94.6550532366164,16.3253052133372,-59.4870661922217,19.8568468643654,-100.328913823013,35.3544305545585,-153.289925374204,30.0978429638194,23.9466335584873,48.6215465150407
"Amblypomacentrus_clarus",-159.938945155761,84.3941196174902,-54.1514514748675,28.1320532750835,-8.76688753537553,11.3088453109346,-9.42734416971061,22.5241992784809,-3.34681891939909,33.5515081601708,-37.9791644598346,11.9126681600253,-36.7173693931578,83.1560102487556,11.8368111979741,16.2565317591365
"Amblypomacentrus_kuiteri",-155.649921863627,NA,-93.1498705282098,NA,-62.96412001361,NA,28.5170763095054,NA,27.4007004774374,NA,-116.554496565735,NA,-192.331113865881,NA,40.3671380468357,NA
"Amblypomacentrus_tricinctus",-174.110028514702,100.051037080376,-124.415380570563,68.8570878189091,-32.1519679720599,21.312932186487,-38.765902189161,42.007938419597,-32.632924996722,32.4596326179358,-103.428994922798,31.6284059560851,-263.744266835731,19.9596714621285,33.1406993414455,14.6203900918596
"Amphiprion_akallopisos",-193.380902170486,21.4017323507277,130.637649164707,22.8515749500514,141.87927538161,141.959176641652,-5.16678749275619,27.9585100825684,21.3906255240117,75.9111961825873,70.6670088951263,80.3391019547305,3.94108332417824,39.9338878566909,-6.14996735452015,57.7944518273454
"Amphiprion_akindynos",-74.3444620958013,112.011214388302,205.97265254255,72.9861442354852,158.530016412973,92.0160044788558,-168.993379114047,27.2246571740738,0.658258903198534,15.0851901595589,-11.0473132177635,3.00814362794004,-220.429811180424,42.8623010375566,29.4679719167702,20.3082129298541
"Amphiprion_allardi",-23.8874179246754,116.984464856671,155.049418183788,7.86499905219208,245.465537808556,175.741406520211,-1.46974936215709,38.9696166797369,7.66837008617994,26.7227258151569,-63.067377544128,44.7330370189272,-61.9667701334334,5.24609822838414,144.660194250262,38.9407102922552
"Amphiprion_barberi",-21.9622370640055,147.8937147407,236.135305796523,13.1672720194213,-29.2570833112889,29.0887902338522,-22.8253333666024,9.77799730585892,76.6938262132557,17.7641623766611,-64.7432942275015,15.3239281894215,-17.7345135687599,8.00684666469039,29.8724160672165,28.5630368360399
"Amphiprion_biaculeatus",155.521069310742,NA,293.69750075366,NA,-72.2679542752909,NA,-117.690866704297,NA,101.912760539255,NA,-73.9221609279528,NA,23.4671541676442,NA,-75.0945076551303,NA
"Amphiprion_bicinctus",-168.509199580903,NA,291.742560483911,NA,145.466558514071,NA,-179.006581990975,NA,-21.0140123781875,NA,-92.8247830860761,NA,23.9950727879562,NA,-22.9006099801672,NA
"Amphiprion_chagosensis",35.2241763286442,NA,153.190382818917,NA,39.7246994502715,NA,-66.8296124437917,NA,2.55989430058432,NA,-38.2392183909323,NA,-90.0493185384283,NA,-61.6843508274849,NA
"Amphiprion_chrysogaster",142.547538824484,55.1814121143965,87.3993939284896,13.8629028433004,-96.4747693751275,57.7740582756415,-61.7919540846073,75.5974421584249,-32.874496999371,43.9578955429752,-71.1955990504378,40.0154518804275,-110.815905247923,47.9103260069784,24.0576398770644,19.6535050693842
"Amphiprion_chrysopterus",96.7231404037242,NA,192.48341057527,NA,7.01525390314755,NA,-151.73779722234,NA,-103.922828450846,NA,-91.878330975019,NA,-104.562297664893,NA,80.1631982361523,NA
"Amphiprion_clarkii",98.4802644411568,71.2715206077215,96.9718752534455,10.0136767043676,-17.0652613690719,57.9527194787172,-21.2166627975114,92.8960928926838,22.6188837496481,37.0425685416678,-96.4728469420527,34.852559872802,-238.883862407124,48.8820317220058,71.1814646772731,37.1234485330966
"Amphiprion_ephippium",20.1397389040119,NA,362.326784354593,NA,-8.42668440483864,NA,-44.164547266475,NA,136.100530452202,NA,-127.347848998041,NA,40.1082225443661,NA,-85.3156789563117,NA
"Amphiprion_frenatus",198.22946346163,14.1501168569442,246.552096114176,35.4386968552081,-16.7583516273451,59.8468818232691,-68.893019428771,36.7187727171873,34.1785704187279,33.8185414097047,-127.480839545633,31.8110438818233,27.0295763765598,21.8469474654056,-7.83583727106736,26.944933609207
"Amphiprion_latezonatus",-20.9152760660511,97.2259250319111,-17.675884660867,62.5322146979878,-127.61435959074,28.936937138762,-84.5780528568726,25.2517268062953,-28.7790928432049,77.2566627907089,-12.0585738596435,8.57239346517825,-292.213793228744,101.292683702671,-68.8220749727359,28.0087727791619
"Amphiprion_latifasciatus",-114.130077110191,73.2631698937622,134.380767170041,1.78327711716153,0.100719609226831,24.8039128587196,-146.580462524411,14.6143644887254,23.8741781472073,4.37623068596765,-125.746632788243,39.9959141046603,-223.095722981899,53.7219532421618,-29.6225543839671,24.978289479498
"Amphiprion_leucokranos",-104.371938622793,NA,378.940717570733,NA,17.8696319269738,NA,-137.123239978318,NA,-2.27990585492469,NA,-127.156351421764,NA,46.6112164643839,NA,-5.13824779804584,NA
"Amphiprion_mccullochi",199.653212462469,87.1300326449707,69.0131312825736,70.1565434877268,22.026785385961,16.9208117527743,-16.5581361947608,20.6102468007447,-49.5827130266962,25.3906348039984,-4.25561785860848,8.0104766880725,-102.963796728669,19.0284468426108,84.2176418616729,8.60887186571362
"Amphiprion_melanopus",119.366898275404,NA,240.826212317136,NA,10.5302143314049,NA,-104.951387637037,NA,-127.635584485024,NA,-143.379671050271,NA,34.884142136966,NA,64.7336167714345,NA
"Amphiprion_nigripes",-60.8323101060096,NA,176.880639725288,NA,-1.07889924609797,NA,-114.868407537029,NA,19.68643958191,NA,32.8448615205128,NA,1.26175519522852,NA,8.49065786751583,NA
"Amphiprion_ocellaris",-231.926203358235,24.4375314097452,212.922180560461,53.1760772656869,-45.6101999344351,86.2543244928995,-96.3944663261911,62.2499634935484,1.89308200943722,45.907382742053,-129.525743974317,4.8966016817428,-44.6911085113649,20.0660389485113,7.4746570445394,32.1472988758772
"Amphiprion_omanensis",170.35913325122,NA,152.230092863827,NA,26.4713359418355,NA,-56.2134695237537,NA,-30.9217321327121,NA,9.34410347685985,NA,-48.717533939208,NA,-13.1215340312047,NA
"Amphiprion_pacificus",-58.0406054633579,NA,234.635824458,NA,-4.24715261236604,NA,-89.6714564178678,NA,52.2091251459017,NA,78.8988083032787,NA,19.311648912623,NA,-34.2394048242299,NA
"Amphiprion_percula",-153.146348965988,59.1100152529207,189.486314918442,39.1254139129374,-53.9270858497249,82.9795206712751,-189.817184824261,11.3172882235089,-7.22527184388515,5.65412344001748,-177.037648014089,50.2521961125396,-96.43954097175,33.7072624631738,-63.6223185161181,16.9723898163766
"Amphiprion_perideraion",-144.950597285295,263.982928464915,153.680249569467,117.701040822169,7.09669083021297,43.7966287813531,-28.9143219594563,28.9283156406418,89.7473846057536,44.605131648582,-15.6478285039601,45.5847703540161,3.46517612652314,22.4674305435221,-37.8353927466612,41.4184359549921
"Amphiprion_polymnus",-222.563056576566,NA,-10.7273451794575,NA,-120.503814856237,NA,-194.837237675913,NA,-89.8776554427457,NA,-85.8877499889289,NA,-152.847181660718,NA,30.8942531803077,NA
"Amphiprion_rubrocinctus",88.5644244386288,NA,242.786685333421,NA,134.190849890035,NA,-163.147974616908,NA,-160.729107483027,NA,-176.526046317242,NA,45.7481660218421,NA,-33.773597580963,NA
"Amphiprion_sandaracinos",-48.4366470766281,NA,206.274035682818,NA,-49.5114209344856,NA,-179.544424495152,NA,48.5241231317582,NA,24.0311248904553,NA,116.05476442741,NA,-27.1648776792631,NA
"Amphiprion_sebae",-119.43466026189,NA,162.179527656579,NA,104.555543840302,NA,-152.965880541892,NA,62.8177484481693,NA,-182.516924051524,NA,-108.225201960959,NA,41.801176812808,NA
"Amphiprion_tricinctus",-95.967290643001,NA,232.178639020016,NA,-70.8647300199574,NA,-63.5630849299385,NA,-30.4049012216963,NA,-79.9381992259546,NA,44.8146161970274,NA,-23.9857499058197,NA
"Azurina_atrilobata",-6.28081032376373,93.5739192977103,-5.27702722968451,141.235081269926,-10.7550535034145,11.3276349872574,118.332614609131,34.3881249891083,-7.7943959131144,40.5762142731872,14.4132209787013,38.4387861589641,50.1380313427122,3.23402331732394,-19.9118931815368,47.9585287101026
"Azurina_brevirostris",-140.673674016697,117.106631391389,-120.881300415795,32.4102167311476,-39.37046202199,54.7517110306252,61.0610752237937,43.6977571671316,3.98810599215945,23.8781841490088,16.980277756704,31.6504600812482,26.9114105851366,19.0330449339388,-52.7538353768325,31.6005181745612
"Azurina_cyanea",196.212010219531,32.0979727514614,-222.939605816821,207.50364984768,-51.2786700981764,71.7387829251822,16.8665338495933,51.3675730422837,-4.56090230301664,18.1502683661018,-25.6402317034471,46.02535743398,-5.90797843631171,14.5538344298639,-44.7662150368784,81.1778326239902
"Azurina_elerae",162.342482288337,36.9597717478662,-24.4715653740495,105.280058515538,-45.7823094566861,2.71745816768665,33.1444787959667,1.49750690786982,34.8219998534085,29.0004369513069,21.4060338677993,9.12088251433424,18.6729814982922,0.0578214321055486,-8.06446812645809,13.8981500520879
"Azurina_hirundo",121.18876708696,70.6611051654013,-62.1790267677249,52.8462801938833,-51.2547628695468,0.468564492842744,22.1653055704519,30.8322760672612,4.1747921201429,18.7186193114341,9.028280350792,36.5546787526592,60.2345234120002,41.0115871730702,-38.1269672144479,2.38479157364319
"Azurina_lepidolepis",-54.5355639507065,58.0883952224653,47.1274094411769,85.5796765881047,1.81422237882182,63.0451077280517,45.1462800857148,40.1500432948443,-23.7540220964821,43.0702698033836,4.89399953836491,41.4215577099626,18.0807564784623,8.07282380117735,-14.5788562680487,21.9630370956623
"Azurina_multilineata",-165.891614468914,53.6768742594488,-54.6898789652814,63.3756254854289,93.7428222147886,131.387457329259,113.457959848615,39.2744833277659,36.4790277951338,70.4289351499149,0.628943159984221,11.3134698702764,-13.0757307617318,28.4563521444276,-39.2616706289774,33.6635087458068
"Cheiloprion_labiatus",134.558240312743,114.100772312859,113.945948315371,32.1560463823005,-60.110494809113,59.1492516254802,20.5442776477169,22.6935446492489,-39.8837951862076,32.8357299029493,46.3104600390354,29.9724114089265,-12.0216856266723,18.2135126765248,-26.4787379289456,12.240759101035
"Chromis_abyssicola",-154.573690328108,151.719201182751,9.19601004042298,0.580874843331017,65.241537899267,81.2297357091343,9.19981860311022,27.6914682574483,-24.2794203134163,16.164063222938,-23.4631600525496,94.7833548382739,21.7836029777136,40.3540511830692,42.6676860549843,16.9030452869522
"Chromis_abyssus",125.446665125574,107.681992823867,-149.294771653683,44.804421175216,-2.20072130712043,21.3990524782139,-11.1300024340481,15.7978409235603,-18.2729941045138,23.3278814605508,22.9844658635203,27.5803205907102,42.636142011567,12.5019637462489,9.32395094984459,10.8766288842939
"Chromis_albicauda",-137.091357323645,69.3562606508387,254.585697172208,67.7675266390976,13.2128540571292,40.8351702023701,38.9657151063511,13.7395801589231,55.3128208951402,29.2127498324509,-16.3391733354546,58.1062708398142,1.58497869829652,12.5492226446868,73.9561005651209,29.7674591862642
"Chromis_albomaculata",65.6496393163821,35.2917056757201,48.5687880464822,51.4698489873399,25.3748010875081,89.4603107753116,37.3779489006201,69.7228179457029,-35.6981016694956,11.1942617702524,3.56972410862989,5.01922540439059,-17.1671722652914,22.8027967327381,-76.9883110747912,11.9804858574878
"Chromis_alpha",-2.50637965625008,91.5711243848048,13.8623080904909,63.5462751143763,-36.2109533919623,13.5139577394026,46.4390532092049,22.159697324491,-18.4674144125268,34.5620287080166,41.1756891101845,12.9732043398457,18.7865774047059,22.0792838583497,-23.0144883739556,16.9231976658915
"Chromis_alta",44.9923498455481,105.590381239952,-31.1205157883532,79.664320766103,-18.8267313951647,24.4429189433278,-26.712049790058,30.9167998434188,-1.29483732287083,19.1899098668036,39.4063688670555,35.7419193835499,4.80032589255832,26.5996261468477,-6.13500471943483,49.0886137046202
"Chromis_anadema",75.6305405358629,131.204814672909,-83.0719848123253,75.8355443931853,-4.00969746046169,30.9923102755971,62.1753928679857,21.0488214656458,25.8169425830941,24.9390205328393,-39.0186866896919,10.8608485686561,-14.2610417083138,10.552139329553,-62.6937101073898,48.0449177101254
"Chromis_analis",-220.72499571117,73.2465619373359,227.84897925773,119.572095838296,32.4976337760989,24.7698500640279,36.6886867462797,70.3867346831234,86.1381123107374,11.3303633423747,-61.1113594149557,69.3805379547094,11.3159681261223,46.4047463895497,14.5217897242854,75.7932758058203
"Chromis_atripectoralis",-97.4599749191559,108.082528485903,-84.2457251429995,119.801738883483,-39.7984538384437,35.9772027452907,120.828897992085,51.9145536355786,-20.7090438455413,39.329213981477,34.7042502997762,55.4617197867437,6.818393104132,23.5582240916621,118.398976768576,56.4509214057603
"Chromis_bowesi",-52.2951745708563,NA,-4.72846211407464,NA,163.818553000195,NA,90.4813343692504,NA,-126.32416025236,NA,-10.2860021651882,NA,-22.6389511564566,NA,-120.815514123527,NA
"Chromis_cadenati",303.179908628894,30.3744212825181,-134.587530459166,87.6689677516685,-57.1967891051844,36.2677925574019,-9.46948880310175,22.6130034546485,45.3404960257732,18.0152445630375,10.9277671734326,4.12590392216279,29.5005381978987,5.19694917404394,-92.0637568651246,25.6602057057752
"Chromis_chromis",-8.58300248026486,141.41832328212,23.5969612510924,41.9555038523051,-43.4975259096638,29.9341626619802,31.0788304169945,58.7423366370971,-1.6058236234118,38.7743911869364,21.9177414951799,24.9097472204109,14.7567021815205,38.2085553898295,-47.3818635213228,35.5183843610759
"Chromis_chrysura",-37.1578395933902,169.055778326611,5.91315963600091,90.3375635404779,18.9576295237408,58.0859182549004,-22.2143299293605,7.23239989064149,-12.7729448105687,37.018069206336,100.979964410146,48.2579511896465,-21.6991640219569,37.3858117751587,36.9059666248813,12.0332243728828
"Chromis_cinerascens",-231.96394905019,225.545846844742,23.1701807194146,74.5164939646092,16.4118885639764,61.0443268263089,-34.6085244934953,56.2612542862144,16.0126849199292,22.9373261714479,85.2673055002967,14.7010354183388,22.1629399799474,53.1034962425974,54.7551190664715,73.2313014931802
"Chromis_circumaurea",-81.6195470358431,144.646737369427,98.1132431337414,88.4215572804204,146.535219745279,12.6537655637061,-5.03730781446697,7.59079289862704,4.30950810449156,65.8849271283691,-102.563009567457,2.64995207678933,60.4557152366514,77.2590336851425,51.6220550390335,6.32170449052136
"Chromis_crusma",47.8327316536472,60.1119553600816,-4.42373811557857,93.3922920858902,-69.6639377664658,55.4027457993733,-7.96472154947074,63.2700240545915,44.9577966287873,37.8609697658696,38.9574007854521,26.7548510603153,-2.29749988249414,53.8697536171164,-27.8231823649489,37.9265791176568
"Chromis_degruyi",-291.687480648048,16.4802928612221,15.763348451564,28.125878162264,11.324399421997,37.0773365095994,31.856878682437,4.82524364125512,-0.557152243493078,109.863134889939,17.8283081774047,14.1841826128074,-12.3256049857115,3.40469435853663,-55.3642405969831,11.1618228323344
"Chromis_dispila",81.5901947418884,119.087159735525,-105.697073462922,113.903005476023,1.51896556170379,32.0164970302729,35.4370054341164,65.7097836173485,-12.7843290557477,23.8476183341174,-16.0665716439813,13.2953497997173,17.896087105752,9.06101863871584,-36.5060684238686,18.9938493658063
"Chromis_earina",-229.55697544399,79.5794525320941,-48.9655438059773,80.2904166343523,-3.66136418123169,2.74312793773924,-42.240263031805,9.53124712687089,-24.6686263598327,57.6791574380333,-3.69256986258621,12.8536692137842,30.6365567374647,27.0690539701341,-3.69481774972319,32.3049267657577
"Chromis_enchrysura",-131.023110352959,33.9091895553577,-5.04283380128204,42.6123108666987,72.4551298207735,43.9726143897521,17.6185523942021,39.7638829153577,26.6137566013777,58.0437848440938,-53.4225664933045,24.8211734904249,0.374205807208805,50.0707671209473,10.5570113654405,64.1831988115545
"Chromis_flavapicis",-201.44115342556,NA,-95.674650955377,NA,-140.651807787699,NA,-51.6924282575415,NA,-63.0511233019727,NA,-57.2707623487561,NA,-5.63700368827045,NA,-50.679803949962,NA
"Chromis_flavaxilla",40.0854435799828,55.3127445971581,24.2244078595966,57.1095016269556,94.2796381088671,38.4850794664287,36.4498713525382,15.539285535196,-77.1165588943736,17.4314649522022,98.5083830299367,35.2758423486534,0.277259660780138,43.9112810358675,-18.7847499363336,25.1900726620995
"Chromis_fumea",-154.038399316989,54.0516797804788,-15.9812303128449,67.3843998003424,-30.4129000149737,25.3925182152219,107.065816611876,43.0448241559484,36.8423351502568,38.7179988187862,27.1203850002185,25.3624967871606,-15.7881316478239,36.0207568290564,-48.8627814111406,43.9124626398571
"Chromis_gunting",-154.664038875074,NA,-53.7449336375862,NA,126.520863636833,NA,69.6474649278673,NA,-107.144590160407,NA,19.1131958410245,NA,-61.0137418577669,NA,-171.165299525546,NA
"Chromis_hangganan",-259.866222536224,95.5834541870176,64.1323610500141,44.3038111883051,-15.0209045030464,25.0434248412859,6.63493923808976,25.5533079227672,20.2452340896174,37.0219686069148,8.8582304554663,18.7728187769916,-25.2895595009436,3.68277513221472,9.03140987916824,7.34884294277519
"Chromis_hypsilepis",-32.2498381714622,NA,-52.7057892276072,NA,-64.4015477759651,NA,-19.0911622945411,NA,-32.222308411774,NA,-29.4641812778453,NA,77.1026729968552,NA,42.0266222988768,NA
"Chromis_insolata",66.2065260624341,120.647419456827,62.6693650940321,12.9023473375868,62.1956013123051,3.25751698474283,80.3358625475156,0.149433132244401,7.8757293871323,5.12952757859127,-35.926944704689,52.5325564874473,15.5561054349422,1.26819599264506,-74.0767249863823,6.39451522928082
"Chromis_katoi",-100.67638423002,109.868575388309,9.90274294299017,4.10584813127122,-61.7153927664642,15.1438089830808,86.9546117821262,4.53258262500347,24.6623642992352,4.30027570765377,-18.6511148499772,19.1425699916175,1.04632935668716,1.80945906017456,-0.984522842344973,2.57696356572466
"Chromis_kennensis",-27.5865015678016,105.273392033708,-37.7732939309201,23.2175044199827,42.4309964463051,19.6107323929785,-20.9356206180741,66.253486730635,-77.3740984808515,59.5710790469168,-5.88656612022889,40.9382041907396,-20.7991783953843,11.8313816354198,61.0104101080065,26.9143816399671
"Chromis_klunzingeri",-332.686384649234,NA,-69.9581263881531,NA,-76.8461088546448,NA,-6.73794935209594,NA,12.966088695508,NA,59.8498205104332,NA,0.212370423290571,NA,-72.5846828479538,NA
"Chromis_limbata",-27.2803375931015,51.8240888930049,60.3674501091542,37.8373924124222,-56.4042153493845,43.4305567347614,29.8271763042932,76.3402331834882,27.8813438228162,15.0375557780734,23.5655172740315,45.398408750087,14.4051857440192,2.95083005803347,-37.9306025828491,23.6892400324406
"Chromis_limbaughi",75.6802584774881,120.86414615409,-91.3804260895919,39.8937535235337,59.7946267564041,45.288018069431,-108.970849858177,11.2436437006864,110.642289594,26.0679393031853,105.095222476287,50.9691367016489,44.298298389842,13.3921668732302,41.2454299956874,35.7917701906012
"Chromis_lubbocki",-165.295933678355,91.0907817478524,-12.7265723898505,52.1948406720909,19.9886674913814,11.1405018190895,-76.1038354896417,175.190242626106,-36.8187966436899,99.4695398049554,-33.8638733152983,22.1834358309028,92.9213968289631,41.1207843290968,54.6365990095291,23.6766171419354
"Chromis_mamatapara",-116.41431214351,NA,86.1712145610725,NA,-23.5407437692787,NA,-15.3596623563293,NA,31.111940064549,NA,13.0016622655659,NA,13.3530310829183,NA,12.2369214639877,NA
"Chromis_mirationis",-211.856526311662,205.456607598714,-93.1659076765878,19.5423800802837,-0.948409732871646,68.3099019429916,-68.1406880900578,105.820505707187,-63.8380477753165,25.2558143542106,4.77654343519386,14.937648263141,61.4999485243895,76.117361552337,5.93100675003228,10.3745492490185
"Chromis_nitida",-331.303187588066,91.5276282089062,-81.188001350116,116.798957867696,-33.8104971022978,56.5021107914962,50.6294251204294,65.3832168084631,-23.4260549493226,12.9527243515362,29.0438471203301,69.4063566360808,13.041176734033,21.8881812032126,-17.9528828782134,46.6837398093362
"Chromis_notata",10.3720348428984,156.573091567075,-8.31583126225362,49.3180322198212,-36.5097120780094,34.7175871600476,21.7320224663676,62.0576698998702,15.3799467263384,60.5996423825623,26.9127775919928,39.5265527448977,15.1480669087041,37.1922559075137,-29.996799184071,9.16450237057341
"Chromis_okamurai",-158.250317962425,73.6385649037358,-8.10810084835604,26.6887142948991,41.4905067363844,78.7671479970465,21.2979340984791,41.4047595170079,-31.9638867326747,17.5485693492469,-25.2506562419003,43.9342444844553,74.812724663011,10.0449654894809,-40.6698353650358,51.8291492395744
"Chromis_opercularis",42.2909212464693,80.8221709294428,7.94534797487043,88.3006051891824,-4.44370613344407,49.8679882450648,75.9906803916692,43.0856328843451,4.18794213407542,51.3462288083881,-66.0868420760198,10.7305351571162,25.807383396858,21.9894128188099,-21.3004479249806,52.6386039447646
"Chromis_ovalis",-46.8012426113705,73.8408005820068,8.41809061597693,17.1214472252551,-64.2102970045973,30.8757837899127,64.3242976441399,35.3504037063222,23.0796354479383,21.1451387810212,-1.67619230921343,21.3879509156834,-12.3169586475504,18.0857315146485,37.3697554172349,7.91787200775283
"Chromis_pamae",115.44130339621,102.74239865095,-25.9792180860429,120.415603084817,34.869480154974,55.482388719495,118.426033426389,54.0778245850129,-24.9767615773588,45.0351612509855,-22.4320790978776,70.5962257803198,-25.4042065197216,14.9974659733528,-80.8918999561421,57.6811726286387
"Chromis_pelloura",-134.911364978486,130.411042092891,-135.10945320984,3.98385127238422,-0.552513514716102,10.4196772836306,89.0954757608716,40.1686370424039,41.0716198309918,12.6816919839253,-6.67991223725238,6.18007893102538,-37.7466005537189,16.3219787290845,-114.528779535823,17.4674501158331
"Chromis_pembae",109.009280771418,83.029913788906,101.264709019091,50.2931017787887,141.672499738218,72.7686602996349,-4.35902748873745,63.7398210461783,-38.3642454559988,7.88615930878234,54.3252183934736,22.9247136839244,-72.704220479321,37.4062769559239,-29.8897122406733,25.8752480389502
"Chromis_punctipinnis",10.212020589142,99.9487806922908,-67.9646400181781,82.2238444033507,-54.9965501445647,49.832022539956,45.9453809753071,61.1095582804171,13.2007990766908,42.1399530847511,9.03369627128736,33.5949970533994,-4.97777713297032,16.011486997259,24.8511768421048,36.5664925853867
"Chromis_randalli",127.134910518419,214.890929232294,-71.1044037751747,27.2712959086041,-29.9997415704884,76.789149341935,78.6408482704092,38.0002566236447,-3.31433487318863,1.90232816161399,-6.34864478903029,1.17738222710886,-14.2728629210806,17.894284860553,-65.5460157101082,75.845073103487
"Chromis_sanctaehelenae",-35.2654262832591,3.6143653086299,24.9991725317741,0.619141955931885,-145.992565493945,3.55958098073513,-71.5188149826465,5.65784366487356,-133.044685706663,1.26217292046134,-96.9780062085794,6.89440538025608,89.48334989969,5.3311838556812,-33.2946899065161,0.698826783545028
"Chromis_scotochiloptera",-179.871818358631,84.6038941617091,5.85057463509056,44.2670405487705,3.40429796847338,54.9262223247269,82.127787532975,42.1983043889378,-54.7903070611111,78.9265411860306,45.7282382318405,40.0630463645383,29.8231054418253,22.4218112365031,-25.2414749382607,17.0027266614033
"Chromis_scotti",148.513686478314,183.527832659528,-239.229504644872,56.1908325072464,75.1420337663075,94.0808201406572,-20.8517405263272,51.9542688204554,-34.6276757333586,67.765414927153,26.7234954959705,49.7406207808594,36.0966975018551,9.77622402599411,-16.0622132787916,32.127185309157
"Chromis_ternatensis",-165.982741892543,314.574716548071,-42.2805971911317,39.7633601236641,34.9478257806577,56.0713895917922,141.419300465573,73.8441586404352,-130.444043072865,81.4737476585758,-8.78096473401943,8.96091250867178,-4.1599494122163,31.881620623881,-38.6982532341495,59.7291358989433
"Chromis_tingting",-31.84418164458,62.0753250441796,-68.6538974125549,94.879954795086,6.15624327172725,39.3136874339235,36.6022250553977,39.0370613469541,31.2938343098264,22.8512882005904,-35.6367488104631,12.7447886538719,42.8370950019698,31.1500721486055,-1.9398803365106,33.1764026061697
"Chromis_vanbebberae",-138.496689860858,4.57948870222426,-38.8243565094176,110.204825240081,-5.30438866304454,9.22517159609041,50.2618587518061,21.0035210278302,184.271064975956,33.876426087934,31.8398498243052,14.6242692174644,-33.6252619214167,5.81609594346419,-20.8747559897722,27.9497371972869
"Chromis_verater",79.7357217347244,81.9527803264304,-118.438163986062,145.391509162338,-94.8980091596994,29.748178483795,3.79440124126407,72.1494642086362,-36.3169300729788,60.7828621782794,-34.7811815486828,64.8083350449616,46.8549884945322,40.5228070165532,-17.7326160720816,57.8282214065782
"Chromis_viridis",-180.33523284699,113.542755051055,-2.26815062053925,168.407402827785,-120.86925360363,52.8750068515082,13.2448874996201,47.8426291574827,-32.4619025530626,26.2258202293401,50.2659680046622,31.3427498488529,-8.02672991048338,22.599510142443,101.738839912058,55.1105884940136
"Chromis_weberi",-124.309385641145,83.5431799326958,15.8825740194568,98.2475717354446,-5.00241588515272,56.0877669096681,65.9511596656987,80.3279532834363,24.9112129787317,16.2844903192974,40.6341670528487,38.8915301026387,17.7318859961947,33.5643328170123,33.4726156847789,49.3831007364607
"Chromis_woodsi",-45.2741006055639,32.6365603459796,54.0170105330414,111.758577043031,8.7766655877536,7.91193102207072,54.6981841804844,16.3911356275695,18.620940397929,21.740312409135,20.5264424460636,6.23242707635444,-34.4555009408528,11.5236728277056,-53.4306041213768,2.48216633628166
"Chromis_xanthochira",72.5996366306397,119.576025115601,-17.308152961618,45.8642614730279,-48.02369924197,41.5989357825812,118.388619424393,64.1055954040695,-43.8838767975983,35.0610613313714,22.1037632771178,24.0320839885506,24.8739320867185,25.4016247355541,-19.1948594539781,37.1268472080048
"Chromis_xanthopterygia",-65.465686074393,138.066143341834,23.1418893347134,86.0944284292291,120.543029886471,35.5129216453694,134.698455406496,28.6332000832544,-8.78681161001187,6.246527660146,-25.5343231955174,42.80743764804,7.79563872383339,45.2526511122831,-59.3338736411727,35.753945815916
"Chromis_xanthura",144.148312095996,2.71714658624252,73.2927714494223,50.738296713566,87.9702560285785,68.4966342649471,-6.32034823109773,26.2698567800987,5.77358953291444,32.8985482677865,27.424982069726,30.6991745193949,-97.081210414578,38.9170279757773,105.832195185851,13.6893574959621
"Chromis_yamakawai",21.030443968571,96.8200624809158,-16.2649420942824,129.846310301651,31.9255647926068,16.8721404989381,61.4208780213421,51.7089240209672,-20.6848699498157,20.4306779537582,17.7287140109219,28.0030042554102,-28.5534894215398,12.075894565024,29.9017138704818,66.4250049871472
"Chrysiptera_biocellata",41.5552628438568,109.326398641965,47.3283947628774,82.8339029544375,48.4721746080986,101.133437433337,-9.38630850658283,59.1400506460148,-87.3061080771454,49.0018803465913,27.7551562188014,29.6385536231445,16.1215027676381,27.0229718266304,22.4719587272974,29.2539219664084
"Chrysiptera_brownriggii",54.4345505947957,91.4789184738343,85.1976333330074,74.6307930727254,56.2864277943415,42.7939820061468,-0.554784376838189,53.84939683071,-87.2177138671428,98.8402171605327,2.12454992538024,32.1746201096249,-58.1011258396748,58.583943138362,-2.69011099510986,8.44616880233172
"Chrysiptera_burtjonesi",-124.993284670258,150.727086298548,-20.2832341828325,53.4638099723234,-33.1095112864902,43.4364879319325,58.416612238998,72.5947021077148,25.0982705543063,27.5343348121138,-37.0990469655679,32.3513692907046,52.4083578845496,36.103949944357,29.9442050550478,42.8323296577212
"Chrysiptera_caeruleolineata",-60.5919768396063,91.0402745879903,-22.8212018645821,134.764439732583,12.540919350732,73.7652894589105,-65.8945446532338,89.6595617159016,43.885981212189,49.267010510868,-73.3087154439379,34.4961840850083,20.5534866152018,22.7871222690764,79.0562190684147,49.1843139900588
"Chrysiptera_caesifrons",-63.3902240280842,204.885534657336,64.3692658175572,127.782910881712,44.0899620130655,102.915090328261,7.87088877088589,86.157550917215,163.035377714906,59.2956128207823,-46.1314944535086,21.862952460116,13.0298642477309,12.1898578953096,-20.099064934647,29.1582047598556
"Chrysiptera_chrysocephala",-109.185675944553,188.607834953348,-61.2219116143287,4.51504031225722,-29.4355410971969,137.941071769055,21.3948077967916,27.2081792854398,51.3196213038066,26.3892912265372,6.43414397113339,26.452975365532,-7.00350955930874,17.7679405385949,-99.8724109658969,83.312077440499
"Chrysiptera_cyanea",162.417441907999,176.293985640346,-374.365057822378,118.359276440543,-5.36053834863027,35.4064563480942,-50.2827558565845,52.2566114906084,-14.2185754571784,47.5734975215938,-18.2909853647337,72.3275990327587,35.2512558110237,14.6587362262683,24.0062871322631,101.55391741283
"Chrysiptera_ellenae",-242.248638857802,NA,-83.2429429309393,NA,-70.0877787321979,NA,-6.69415221305781,NA,-43.3644290960997,NA,12.6159074141485,NA,25.1238729557585,NA,3.83942527500955,NA
"Chrysiptera_flavipinnis",111.842920819684,54.8536048346252,-133.884278576345,56.8673275263002,39.313012771395,54.2172573796766,-75.0807484123779,64.7078446059863,-11.0252154967272,29.2059115897939,-86.3919432116726,30.9663993801629,102.223189204742,22.5045185309725,-52.6852800134308,32.787455350479
"Chrysiptera_galba",-284.741765313509,167.055192219127,318.724999888064,80.0853092864257,4.59854027904852,27.3413579237729,-87.137363491099,61.7587712422698,-51.6250146159275,70.1920922988817,-37.6877043634141,36.8784080829494,84.5205404844977,18.2049927727099,-21.0375680867464,32.0529106480148
"Chrysiptera_giti",168.65256656029,142.000785022645,-152.509380802756,62.4449984414456,206.342073896209,164.686367923805,-143.030522283375,102.080163116515,45.4575371827806,1.4351358064561,-79.7483657948312,25.0751332037313,-3.30025208510713,63.3616015837008,55.424051639426,56.9867575801943
"Chrysiptera_glauca",-137.452779582612,202.671754054734,-216.814065003414,0.0977001576593081,-36.0383264223219,50.5826459793905,87.5835658297425,93.4523630837877,43.9904056952073,35.6607103326657,31.5047255630732,32.932366389066,-15.6643698881705,20.4890717337997,-3.27856395787612,17.8465803526789
"Chrysiptera_hemicyanea",143.966166380551,97.1609547115617,-164.423192255412,99.1699176623471,73.8280893003332,80.8681683522989,-131.72842119745,80.1943312870183,130.784421365816,35.3169654512268,-167.804812163053,43.2561600897868,26.1772447764153,25.510622365542,45.7098669095108,39.5535698866212
"Chrysiptera_leucopoma",-153.091252663694,122.519551858657,47.4118066440271,106.34811366784,66.0505063288711,62.8666403236101,1.0215910110682,79.1311706287217,75.9766236859113,22.7438071346816,-118.520088187132,14.7141462751839,37.8459984412719,37.4724996477993,52.7792988192748,43.3382278258207
"Chrysiptera_maurineae",-185.709553614124,NA,229.189455503386,NA,-121.093592832641,NA,29.0423324071861,NA,71.0843084399928,NA,53.9250419896803,NA,7.70403963847389,NA,69.5407816344065,NA
"Chrysiptera_oxycephala",-191.008771846832,165.793828540692,20.2592136610404,81.6384465531463,11.0948442481003,68.2750349483244,-3.22658729815843,39.4737432457638,44.9166172658406,53.3029403249953,-3.53247109265486,34.6868862109255,23.1002317304829,31.5679392687599,30.1029323033655,28.8359938098113
"Chrysiptera_papuensis",-59.0238877244028,7.94394660801713,141.944380511582,66.7487122991845,-49.9909473873609,29.6551661053982,14.3387199435137,21.333930449804,151.391671141674,25.965086040484,-32.8610149095069,23.6380172877087,34.0317587077938,18.2078224236261,64.2871397109541,28.2264533093842
"Chrysiptera_parasema",247.224947282395,38.0040863534765,-248.832756613333,120.357112538095,104.356327543529,101.372895818551,-153.318670860638,32.5252491022531,78.1176489212717,16.4671249682042,-137.717281123193,28.5569695443594,21.1126489965376,14.4233154763119,-32.6978179783882,18.1131693832229
"Chrysiptera_rapanui",73.1682146021535,NA,199.497801701382,NA,-58.9127801757932,NA,27.8766281804039,NA,-14.6933524208973,NA,-19.5016182106505,NA,16.5830645170544,NA,0.320260119381324,NA
"Chrysiptera_rex",-221.534997268569,209.852046159543,-123.940492451073,93.4168333546288,108.283831667193,116.818315750148,-38.9758167439884,48.1378901369713,142.093381978973,47.6742556185862,36.3597225023771,44.0476631679213,-23.8988925033247,32.5555911332214,-85.6057231236491,57.4281654509259
"Chrysiptera_rollandi",-103.460649142824,94.9544988763707,-49.0245029485685,98.9704939725743,-54.7783549932472,7.98435837432134,80.545091005763,12.3762853966979,158.193698333636,3.66561196832511,-34.2157721250214,49.9949157216252,-17.4962782761868,63.2494202837406,-130.693239906451,28.2920699354744
"Chrysiptera_sinclairi",9.27557560502025,4.22187576817287,-76.6187188145645,5.87467168540786,-15.1838387950661,54.4019799968881,11.4254568911611,2.59063439388986,-78.9828254490932,54.660768291911,78.6540897254603,30.3864016704599,63.1088415260129,24.1183108548529,-5.4962882748784,42.0324963613015
"Chrysiptera_springeri",271.887626160387,89.3916409033496,-241.508794597396,155.46024832032,34.687173560063,75.0723492710847,-55.0585911379427,16.8039207334972,7.59238745664827,30.0167515310005,-88.3916483769172,34.0312289346721,23.6832194419721,40.7821023279188,-100.284862010772,20.0968883338728
"Chrysiptera_starcki",179.364496342443,88.563674602552,-74.3577031850529,195.476183059308,32.58815841935,69.6661372053783,-87.8527994554899,43.77553321792,-103.712454397383,68.613140609332,-18.0908869047106,25.8436241487984,90.4222446450642,25.8467051283106,-126.223331230125,36.8276534717886
"Chrysiptera_talboti",-16.0259327098621,122.411814906938,63.0970818606562,36.4038777933714,35.2362380758904,100.544244070825,-0.324171923850005,38.7018125737801,-151.513078835772,67.4221411197855,-24.069845987875,22.7238399553989,69.2202268218046,18.6361579093926,-3.7006449057603,63.4584440998795
"Chrysiptera_taupou",158.458723988438,47.0699401908637,-288.964168519606,68.1791171451408,7.38025973152891,24.8564765951167,-121.118624194818,15.7722348471214,35.0313161792093,53.9451794630427,-106.619284853651,56.8432344838155,56.6383151516819,20.5094839596224,18.2671239951384,33.6607329931815
"Chrysiptera_traceyi",141.409027912975,66.5133668662016,78.0124419876368,63.429319925999,62.1809299397636,32.4123541743602,-82.7565313423544,20.8077762114452,78.9898905968964,41.9903244796919,24.0547634724448,49.1859354902367,43.7042371985928,2.25579415728314,8.38777607322154,43.2656831956091
"Chrysiptera_unimaculata",-75.7560476215396,NA,94.9413771867994,NA,-91.4673662036518,NA,-10.5501398431417,NA,-91.4114103733389,NA,-33.4357803372147,NA,26.0333562998855,NA,55.1178029367996,NA
"Chrysiptera_uswanasi",-238.364065941782,178.553481001706,-4.33108672291061,134.162273512412,-49.2961279879943,42.9420122097897,50.0699690376793,68.1977842675313,16.3273322672936,10.7472138121164,49.2878286126104,12.5602081510685,0.330470643599957,19.4510850147588,23.3130802018433,17.9876074695653
"Dascyllus_abudafur",-139.971666191394,113.622047212762,-109.417795109165,28.6173210795913,-153.168362531059,31.8445112515942,-10.9391919627897,43.6994351092467,-96.2445391193527,71.3208314147916,-139.371098894982,41.1514051932023,-288.073315776097,36.5864490456892,3.43167981192043,39.1483902399337
"Dascyllus_albisella",-75.4327172720851,15.8506036045939,-101.740600993072,63.6665710282617,-211.408220897498,40.896007506395,-152.130085556592,57.5167732527646,32.6436620395457,3.06994801385494,39.9336827605036,45.1983062414206,-2.05449226897781,19.2407192693269,-89.6719289001369,22.4024382093399
"Dascyllus_aruanus",-92.0594965960621,81.6426710365451,-106.63246859856,58.0627238705511,-150.301680967717,44.806795094141,-1.52822282444562,38.8492104240646,-53.549890455088,29.9729200377305,-111.445090739829,36.426516826771,-253.222294819137,35.877429985192,62.6802741175607,26.8861267737536
"Dascyllus_carneus",-90.0828525944564,71.2218103247784,-46.5589060113676,75.2266956417012,-149.259474776639,59.1802877949232,-136.530158550693,55.1775692749694,-36.283285406148,51.1531289647513,78.0248091870658,64.3451493013808,-111.96403409142,70.9548604418856,-1.07527699939463,35.641794173391
"Dascyllus_flavicaudus",11.6706891628846,37.44218454572,21.1618186704658,40.5806807752666,46.8919438426213,116.463209786881,-37.9646970053832,35.3463220920111,-94.4671787192064,48.3944995756445,-21.9867719102208,53.1683814766416,-75.5356211960049,39.2723497571773,5.5219308057995,90.482458005745
"Dascyllus_marginatus",-176.082427623333,154.874826292868,-191.916229763946,80.5711643911777,-163.492694058998,54.6466364517171,-150.97316161625,74.9216889534964,-79.8632033715088,48.8844990067575,76.7690124962143,19.896058065341,26.4506786201813,31.1239587472656,7.91478063434602,58.2468732003314
"Dascyllus_melanurus",30.3462360042847,80.4126250315406,-26.1910921761723,56.4063396231512,-151.344836390523,28.4709696912208,-78.8480159461883,38.3773714701848,-58.1697388631367,21.3660071852171,-86.9174141940299,28.3859361029538,-239.598492122762,25.6901328524417,22.1453932046966,19.867754569374
"Dascyllus_reticulatus",-56.8925975209641,99.9470849497134,-38.0290385504412,74.1908300246461,-70.2979880354536,45.3461903343502,-28.8298062861919,57.8198521293368,-48.7662348642042,48.9662757572873,51.445652850366,35.7746971404998,-89.4146279676266,56.0374495918319,-18.9550418880816,75.7815916115244
"Dascyllus_strasburgi",-244.728476647714,180.287697333085,-177.565170372492,133.683997039782,101.12791588253,37.7009885688504,-213.904907056337,73.2868873716224,4.65504959771636,26.8628996933825,126.805797273089,79.0071930997934,77.476980380165,4.32015899974195,33.0839373133328,8.82513942462653
"Dascyllus_trimaculatus",27.2683175511219,108.207376080793,-43.5948506328841,69.1538922805056,-63.4706114649969,78.4266259404906,-21.7497539444304,35.2956089987968,19.4573857978327,39.2448929998593,2.19921891277091,35.381797523552,12.9698776220566,13.9490593492321,4.84598984147356,47.1518542209274
"Dischistodus_chrysopoecilus",170.885482660706,26.3526573452801,118.985131302474,22.4088840771391,-44.6025626657222,27.3074631150966,-8.63329633311454,35.3247818283854,-20.6034185703293,26.9827364065024,36.1189979702092,40.9685883808869,33.5623235303698,34.9679814934016,15.0390313257118,54.5264140646475
"Dischistodus_melanotus",-254.469850935152,116.954683692114,-104.226116448448,38.072770272086,-46.7145052104501,63.3132874475161,-5.39324448832368,58.8166647178927,173.565080790898,43.8545305487234,101.509682676803,38.9436493401893,-32.114757815163,48.048233742993,-53.9047880021031,41.904071868356
"Dischistodus_perspicillatus",-201.80378850708,244.8187584586,-109.884437699797,37.0971008140319,-1.05911889755077,64.3750621328939,-52.0456136348586,34.886338996745,-50.0965363913817,23.5709511944856,44.520759461437,79.6698012179438,-5.17224450633722,97.7704045490286,-7.74857585954167,30.6639956319189
"Dischistodus_prosopotaenia",-173.758523161269,139.903784317477,32.0640499843105,76.6290967918458,12.1683837904817,64.0228549475526,-49.1519919038812,76.9997184876934,-10.8352942032959,42.767858412725,53.6216878945701,16.4354500783319,16.1306857546733,83.2068807175171,5.46352012688074,73.0744862845334
"Dischistodus_pseudochrysopoecilus",108.85004260916,157.092576658203,79.6218235504478,50.2254680279301,-16.4505599830524,49.9665462357958,-23.0971696863109,30.8684240668564,-1.40649835881881,18.528942980003,71.2118310688521,15.359759941171,6.0105067631895,34.0948803052007,4.71125185889485,55.3042414241165
"Hemiglyphidodon_plagiometopon",116.093338910109,164.636701963199,100.885418558246,42.0213816424068,-125.849025969416,37.7811436086965,-3.30883168947511,38.3001275656412,-104.695093751111,48.5508128824548,-8.49517524412564,23.0293386303306,63.3036007160476,18.8275056665317,-12.4347963523933,14.6757976013341
"Hypsypops_rubicundus",-157.051464149702,69.5660306731164,429.295763165026,95.3381558566955,-68.3338847211858,28.0253281634085,-202.878815353205,55.2064163950617,1.29692075250646,99.3656463556442,-71.6550661989905,70.6580466140743,77.0218543237471,19.1794665598642,-186.929839687663,79.0679293654293
"Lepidozygus_tapeinosoma",-63.8604310877357,121.161499768876,-10.5006569293717,79.1208934556207,-51.2817399310172,21.093672994044,74.1893571614774,51.4545024103715,36.8227266355337,15.6938744011554,-29.9598680073466,41.8780412812014,-6.09719537875434,29.7087820189863,-41.2440221760072,21.3811117334065
"Mecaenichthys_immaculatus",-105.52879281276,104.358698747283,-18.4804630262595,28.7216109221292,-96.3358004285338,42.1360944579759,34.8001760607764,75.4336622376533,-36.6434504132125,47.2260367832768,28.7811974584206,41.8656255674138,13.8332561253902,9.41715689055759,-17.5948140601832,30.1133960560112
"Microspathodon_bairdii",135.147548958316,73.3380968830363,-10.8103317549817,68.3691136257222,-70.8409177476881,60.8119347943313,-22.0616821416204,54.633072892093,-30.2558696560743,30.975402088755,32.9330416754135,71.6676597766929,21.5705063406032,41.8604199995982,22.1077625578611,8.91273957952817
"Microspathodon_chrysurus",164.162482754879,200.433515354205,84.4706982953668,103.491223261705,-3.57183129804723,84.9667615448245,-18.8169210931562,38.9919755510826,-38.2399456963926,60.5262676981221,-22.6257709847376,44.940912404045,-7.41203090649063,20.7480035907353,4.90092672988822,44.5222893774995
"Microspathodon_dorsalis",172.867846332469,137.154767590357,-67.1407901821665,54.1520350702397,-60.8865430570879,35.1648233024697,-54.2237675610352,36.8920909140531,-46.8195363971549,63.1813164056422,44.1233888450547,35.9108088803148,20.9574164747171,14.6980295022835,-6.35432420924223,49.2152694931198
"Neoglyphidodon_bonang",72.9523694993055,86.0427435355148,174.772338938312,107.95279974153,-14.5237377602378,88.1228265296254,-22.0205285998179,50.7637162870064,39.6715381243813,111.617656729005,-34.4208887097212,49.4216720874206,5.21708148525285,5.75403791009242,-60.1210375031502,20.2041038474344
"Neoglyphidodon_carlsoni",258.31438415926,68.1213050324583,-36.0749289153565,90.9242182791411,-57.0593043558527,44.23172040458,6.47040256772407,28.2056435453377,0.127457137412434,24.5572919033856,42.59448694814,20.2294282019735,21.4759249064987,20.8173394180502,-34.0469977398088,15.3052398861124
"Neoglyphidodon_melas",346.864388666,70.3721218491326,-23.0857851889001,161.555965291424,-78.3075519817821,67.4304083644732,19.9384721832926,24.2190988270798,30.8527102206635,47.1003746822454,17.3687447461956,3.35898665616964,15.0739392796493,6.80556638933246,-13.1415235156992,0.77520236692394
"Neoglyphidodon_nigroris",18.9699549493655,196.773228063089,137.185390062584,59.1197191174611,102.9756329179,118.966829158417,-89.7879480787349,92.0417266459205,68.802034784534,18.1523954078417,-17.2587785109511,61.2758987699192,43.2771218151285,80.1375815638357,51.9074337299901,26.3848871464616
"Neoglyphidodon_oxyodon",172.138457140531,149.960044456018,-18.5647288764683,52.3545287291947,-0.563769280914356,43.4355469649991,0.0581116881239462,35.0252940761392,-64.5023810708498,52.6857861173528,97.173777162956,22.0542989738872,11.8631809359858,12.7492479839682,-45.1995274077299,27.4086828164894
"Neoglyphidodon_polyacanthus",162.237872621974,145.312349968169,41.9775093921323,58.1602128705574,-66.2882469709101,62.7208555510244,7.20899252785696,44.2101751915114,-26.2198297921378,46.4665714742689,30.7723744824629,20.8533960777534,46.3035125544944,17.9285561561334,-13.32412218064,18.0553814394705
"Neoglyphidodon_thoracotaeniatus",146.470155302396,75.0051987420781,39.2979499518998,88.3164500377391,-40.6989334447758,40.3532511569511,96.052917351256,66.9832413591819,-70.1946255561763,72.9079137054553,-47.6118095460674,51.5575006378477,67.7721822044383,26.2622218378107,4.49481799207152,23.7633600738653
"Neopomacentrus_aktites",99.286923473356,53.0625700607136,71.6331431205224,23.2283981511193,141.119915726557,56.1282654500802,64.4852486846935,26.0028750406935,-79.5936062827068,13.1879309604504,42.0736681168434,18.7117286190266,-33.835561155875,16.1430211840876,-87.7016927548283,45.2953793960542
"Neopomacentrus_anabatoides",-101.972683419302,49.2053435844659,-145.97988602353,48.4374277670981,59.0196826932173,56.4155387885968,180.157241910384,84.7175247829631,39.9645939668485,52.6225571189677,-16.0403028857059,37.8000630695977,0.843843483470279,27.7216786402262,-16.4752137281136,18.9774541280304
"Neopomacentrus_aquadulcis",293.177626285459,43.8181701563429,41.3954931165374,61.3222296793877,-56.631474991654,29.6282170627474,38.6794874339794,31.4348426272906,23.6667524730214,8.58627545575943,16.58772931296,17.0565491391764,-17.3859974185179,10.731349143308,-74.8729164838609,27.0781356637317
"Neopomacentrus_azysron",7.68057572012017,119.532792358663,-17.8974192044595,96.4068858490295,88.9915683607388,135.435462928052,69.2837012859404,58.3946346019837,31.6889528411211,53.3826217927956,-28.4589934292874,62.2023435345061,8.79801866652257,23.0551682962622,73.5603851415637,68.2483876652786
"Neopomacentrus_bankieri",66.6469226869769,105.246245713632,-38.4053249115433,89.195331531915,48.6779625530058,30.1719158811479,36.4732905194057,60.468932701256,47.4786938029695,63.7968278421447,-40.3955232264912,27.9081138758991,28.4443053777973,7.21452497959907,-1.07089769942084,20.2942062307371
"Neopomacentrus_cyanomos",162.55985646005,45.4905363993643,94.4976383690312,48.246296224131,34.297611892941,35.0990514252452,37.888021402162,36.2270614321935,-10.8400717088569,23.3152453308033,10.4214205115453,23.2762767538101,14.3950360485059,23.8137580528952,-3.33282124572572,56.9031367017218
"Neopomacentrus_filamentosus",-50.5267722424423,128.323862940615,-46.6609086285283,94.9552846710445,27.353269413861,87.595929334795,19.5785227714602,47.6560402554611,-63.2681064801055,52.9150964783436,44.923530612921,45.8637004678799,48.7058625036473,68.3226546465368,27.2199648053266,84.5024351835441
"Neopomacentrus_fuliginosus",12.0799993300902,123.250073707488,2.59646538725907,34.0906653935782,22.3919284263238,56.6498902375494,38.5317858840971,54.724482223605,19.8554840462086,54.5472516725177,-40.8362270342138,12.0490156529322,-17.4324712498171,30.9838301617782,7.14525182714554,28.4179865260456
"Neopomacentrus_metallicus",47.8869922213876,66.8632409780486,-18.0950241103629,38.6321661899494,68.0604803560424,73.289865154051,107.599318233722,53.6238839582342,-24.9442489464618,34.9214639134383,20.7749234773341,21.7085433569568,2.49774332030126,15.3542351251285,-75.9239216961455,41.5173473385783
"Neopomacentrus_miryae",-106.852408595271,176.571739275482,-61.9020985237688,47.020696036613,21.9247023208867,54.5478563216816,74.9882798456627,56.5112235415754,-18.3302199758568,98.5361727239009,-52.0183039249923,48.9244136047504,13.6780543597281,44.3266859252489,4.13458970408523,58.2154084408464
"Neopomacentrus_nemurus",-97.6870546238101,50.98680832839,9.60062490314508,134.895923092394,53.797742291306,73.1742407188619,61.2111144486957,76.8612855362129,30.2760259065451,50.0116485301601,-54.9238031479961,26.7265574474427,11.2753733000963,14.7823173373539,1.68297765753069,32.340960415882
"Neopomacentrus_sindensis",-171.675275794582,58.2871301595713,-39.6911191245167,74.9268481739445,121.299964663634,77.1359429133539,74.5702510000581,60.7203026803938,10.1445466507369,36.8869788466941,-75.9601144591541,59.7697212574314,22.5331936138247,70.89811364453,27.1552551615281,64.7861835817155
"Neopomacentrus_sororius",-111.939413564074,71.746737604388,73.0869368146142,72.8953454993331,78.561406702983,66.0243820767626,52.4348372192147,57.1694594743069,12.1970953424331,13.6330926246757,-110.791803356022,49.4280040778598,28.3655573390006,16.9069467957827,11.0642037798187,24.3413485272206
"Neopomacentrus_taeniurus",133.865048126923,121.760561749432,90.1191782147028,41.3110199961919,51.4619457582341,73.6678312528699,56.2971639250327,64.8898858716369,-24.5677457801362,48.9847768318514,-11.8424925199185,21.3378141214157,17.0367195387953,20.791904381639,-23.034677956156,17.7211378880861
"Neopomacentrus_violascens",213.403984095479,80.8321384021406,125.499118376291,39.5692255219354,64.3756204015473,83.7712356259991,10.2052728333231,37.8782775096523,57.9448889917723,29.7574075252813,-8.83986429797979,19.9627916018324,-26.3476229473005,36.2247992510209,67.3494522877215,43.0037096890627
"Neopomacentrus_xanthurus",19.7114763870424,62.5208160741422,-10.1844418690914,79.1148046659046,112.029345524952,90.73830597359,114.94273032738,23.3075283042264,35.0438471428738,8.28835891957438,-48.0499933425873,44.7946271241991,9.35042964843085,27.8697714850888,-33.698962155161,63.3094371044586
"Nexilosus_latifrons",94.7646578863913,72.6533124594346,23.4705503512021,2.51762270187236,-109.475165233495,9.96861391754235,-36.0315110276839,81.0403856519262,3.50190284512598,40.5176979038306,54.3149358025341,26.1546593175501,-7.7078372132579,27.2379543987539,-15.2933593529983,12.8158302222884
"Parma_alboscapularis",78.090384224563,66.571928523661,2.23816077673433,57.7192175343473,-60.7542942444222,16.1077743453854,-5.87208922807948,20.1877633689369,43.212145978263,24.8020221417798,48.7907633685539,12.7851593229058,8.1112889704169,20.7819466712839,11.4344941542967,27.9458915078641
"Parma_mccullochi",55.42763978896,153.632966650425,56.0709407547399,30.288055500827,-25.4071095019837,53.1388309975711,26.851375426026,21.2288132121015,-34.900895916241,48.5063564006348,87.2162696064121,51.658270651675,-9.06583855053769,15.2621352638232,27.5655791796775,43.0571335153993
"Parma_microlepis",99.3380549451339,3.1879165584784,65.5005102774624,122.168110302685,-137.429631858194,15.7535241311429,-8.19208854488837,22.8777290689735,-3.84497425255581,4.62101917175365,-3.22311496689223,16.9537858478167,20.9697260516133,7.09936911732023,5.60134381812885,6.28373096238035
"Parma_occidentalis",76.2071220155817,44.2700319557907,66.5541284780652,42.0684601081633,-133.842829750669,11.7189718343669,8.42905422631049,30.5004379570331,-52.2642072926376,45.6931835484721,25.1288569522672,62.1285875441366,10.9436067299649,7.30578945306304,13.7728582753526,21.2947045583124
"Parma_oligolepis",133.501502797436,NA,49.2181628257769,NA,-103.394817936906,NA,-32.6813165266129,NA,-74.9710658083291,NA,-18.0105442833209,NA,38.1599537928257,NA,16.2048841003303,NA
"Parma_victoriae",-0.936703370822106,118.848873614425,80.9327734618598,30.2801390005332,2.32400845801568,28.0384156319339,38.8814407367549,35.5417151371644,-4.53252168212428,68.2514785696299,48.1069393681831,41.5273406922299,-3.68994245648161,15.3918002009655,7.12879683641437,26.31727078306
"Plectroglyphidodon_altus",162.246639118866,79.644312375674,95.6849205250872,52.2652298594021,81.381592623834,78.5594582531117,56.8788800201764,54.5294012081974,51.1423394258853,61.35083430881,38.2870993718085,50.1713156864801,-10.3266758977747,63.6129925383343,-8.56453137338681,87.1673044579223
"Plectroglyphidodon_apicalis",126.37278227512,25.8799729098585,95.2247771358313,38.6091979167243,-104.773701481438,41.7111141028733,-2.63802381583047,38.9445654580067,-97.720382286893,21.6369290307062,0.909470568997028,32.3196303716689,62.8620768911734,15.9098064125926,-4.47395346327973,7.11152328615688
"Plectroglyphidodon_aureus",-445.751869365705,98.3565673488247,358.825947285608,19.9169835318,-68.2179994374238,56.0817182491468,-87.1222181585696,27.9786309319608,-70.4463315578513,32.4006511753402,61.3297267630598,21.3712932117183,70.2202210591458,25.464053442728,61.3283027765035,35.4627733706943
"Plectroglyphidodon_dickii",-111.363811984298,182.262196653384,113.183075756281,67.6880637716789,6.00440884510381,57.247102540088,-121.542843498306,66.8860426774516,14.0792289573835,71.0743425328055,30.3058650853762,53.6933441269669,-3.42757774635879,31.7181374269348,35.962573523674,33.1758708405837
"Plectroglyphidodon_emeryi",-215.480809904626,34.9655107103656,44.9190846484112,80.2108632171543,111.416518818892,85.9012990673761,44.5849642163673,40.4206707427863,64.3160887468876,53.9716696227925,-85.6709646098736,1.71504367089127,81.7763784977336,15.0205454250547,-9.70113418362453,65.2299314432347
"Plectroglyphidodon_fasciolatus",-55.2706762259422,85.6025122167396,7.85661492860441,48.7607533516709,38.3711723688392,98.8117995948099,74.6816151348627,30.3018515175103,7.62190765375106,29.3626840175074,-27.1417555495536,36.6212178194372,6.58414686771884,44.8680228097604,-6.91564253749163,24.9192846749057
"Plectroglyphidodon_gascoynei",-57.0072254892531,NA,168.812927349063,NA,75.6582025057416,NA,43.3479484761463,NA,-16.0511864827126,NA,-12.9522685577462,NA,34.2756510066543,NA,85.0108658282248,NA
"Plectroglyphidodon_imparipennis",-123.218211725943,56.4165444540694,-17.7070696297113,113.914792585446,42.7207443297009,137.830970009753,72.124831304124,61.3530783066597,46.1391198880235,29.6542615206218,19.6858895779967,65.5474774714782,-5.56611090503091,10.5305910487876,-41.3337522317296,33.3328337895294
"Plectroglyphidodon_insularis",-55.804488054432,143.51273574118,115.296276682658,39.3346826101991,73.4233421654999,92.1646831608845,2.79325510901426,45.0492436091205,97.3431467130918,36.872042873699,-22.2506869730657,54.1891696536361,11.9082022348794,13.8435202959146,31.5083350487376,27.2485343064474
"Plectroglyphidodon_johnstonianus",-146.921090654026,194.176788163604,-26.0041109962626,87.774730537092,12.3481015206013,98.2750857087795,24.7955047590672,77.5457646407454,-69.4777486045351,47.1476387132816,-33.838995602647,37.650494975923,-57.5630145216676,39.5385415264052,49.2320262286272,43.2008705336841
"Plectroglyphidodon_leucozonus",84.3964597714528,93.4510587361331,97.4993919949168,65.1433553298475,-58.0494551406518,91.4849241385748,27.3651051769181,52.291228893344,-69.2159386277659,19.8613462129126,-30.9466139556576,16.4399729430016,-7.03970866383455,21.0491648932443,4.59368754998363,37.9521547754842
"Plectroglyphidodon_luteobrunneus",91.8392110942954,73.3446730552331,106.754460731354,85.6315022377726,22.2311870238083,37.6013246808174,-34.4737816809028,31.337701110232,-46.4220627467794,31.7526147239359,8.73361965507527,15.2163035458687,7.43677988662426,28.0811856690202,-39.9026452584146,15.5710509333527
"Plectroglyphidodon_marginatus",-71.2733799028566,87.5394788012725,50.1580524225424,61.8192059890464,-79.6565058453787,71.8263907108078,-6.50278670723482,32.135207193939,-7.68437679983336,20.4878696644694,-51.4376810443773,22.7984102793078,50.6230722138516,40.3963758552448,-39.3375222207884,17.1654193290642
"Plectroglyphidodon_obreptus",103.743915086776,96.1189622635343,41.9979234449213,19.5719221470242,-50.3421064555019,14.3524355882148,23.149313569965,15.721039809602,-17.3230663470507,23.2886181391675,-3.29049637535076,28.2405132088281,23.457447548198,2.47833989928721,-20.8686975440323,13.4860811387898
"Plectroglyphidodon_phoenixensis",130.069321316699,59.4540567017734,152.37039410374,69.2992862642493,67.0230880228069,55.5484528578614,13.5731962844785,26.068705021995,-22.4154673947672,24.6776987937766,14.1265137850514,16.1680604895293,-54.6989824192451,16.5291367521673,-49.3120174660746,15.3445676571258
"Plectroglyphidodon_randalli",-77.3556452925165,56.7567804936682,0.838221927809448,22.3378788585523,-23.7042542832216,79.7501852836741,32.4733419765442,55.3754622406976,20.766656380029,31.997240280549,34.5232366321194,16.1934063175415,-27.075474140771,17.6277501082009,-1.62162294367141,117.094476472817
"Plectroglyphidodon_sagmarius",-31.9930066159502,95.6568300289225,38.2044406741153,44.7523580455886,148.71778113484,169.079467516071,80.4346582479672,46.0073711155095,-19.6286052462656,56.992047711342,66.7031588942195,64.3649397607094,-3.80380357899965,17.5950051426722,-128.848952371197,54.0026912239444
"Pomacentrus_adelus",137.920127420331,127.115096852557,69.8749796147974,35.8785004647908,58.5087116851822,74.2613363779631,35.8809228340655,38.7591247114803,-53.087860905375,65.3535839376976,64.4619187317549,28.985208806408,-8.46891707366925,14.027119764864,-3.48361742451665,17.2195514212182
"Pomacentrus_albiaxillaris",107.548436885438,38.8079164032093,-120.506116073428,90.6496001412385,98.9266968033932,86.4399299769352,0.618317466092899,22.5447404213943,-68.4568833597458,29.4177319381984,0.0841567821426095,16.9286866822054,-27.1967577219535,37.3880573724255,-0.220917562978083,56.5495591868834
"Pomacentrus_albicaudatus",167.694382703118,89.2409089899527,112.148058020976,37.3222127916767,43.287389381027,137.987572407117,15.5054092169086,39.5613507572788,-36.5576550417481,50.074050991962,15.0256644487413,26.0569117226773,-53.3323381198035,44.1169738597333,64.0405852055633,17.347477054397
"Pomacentrus_alexanderae",-44.4116830867538,137.361501367132,-96.1741475045911,98.1632746946106,-37.632875316476,20.9413367839866,79.6868244102915,17.4882744481026,55.8748391856522,36.3451597990672,14.9548268417689,54.9918519954067,16.5135363812159,20.4523786354676,6.56033395208689,49.8369470206856
"Pomacentrus_alleni",147.971535686468,116.769875917779,-216.357161034093,99.9856424968099,33.2926048935263,84.646772614013,-40.6486489502193,42.02109909764,-34.4176361992101,67.5529091474075,-10.9674113953059,51.4733791471965,-2.006096171439,30.1708990572007,-11.4018557177553,36.5667707943849
"Pomacentrus_amboinensis",-217.889216029596,176.840221407521,-24.8732783318003,68.0635838934609,-29.35417798514,49.1969097853255,21.5027113677232,85.4331519642922,60.8492077276914,59.304839283306,-6.92726184945872,17.5324558298968,6.15735683276532,30.4266674175244,22.5989208163809,43.8179376189943
"Pomacentrus_aquilus",67.3907465200138,48.8907120462623,-85.5371450922317,83.0509940573256,3.66761957021273,97.8253406650927,-1.96577320858087,31.2720402977467,-35.9751100824182,51.755236847924,40.3257081147697,63.5808983798403,17.7094917563474,16.5423939529817,9.91099019226873,31.4317312972633
"Pomacentrus_arabicus",214.850483014859,152.767945828991,20.900868802987,70.5710438232622,-86.2277999692903,45.1735114955327,22.2499478784058,62.5333819248312,10.6596541203635,68.1679688590849,-8.91990198530662,31.6053625471238,18.1558888179944,23.5910551873622,-26.444446117288,31.6259893533098
"Pomacentrus_armillatus",47.3098653160218,NA,10.579848500027,NA,36.9023732735821,NA,45.0555741826091,NA,-15.3655033259043,NA,11.2943716523385,NA,0.966984150078686,NA,40.0432460365406,NA
"Pomacentrus_aurifrons",-228.738937940645,79.6623703763404,-115.969711164751,46.9071529094103,-75.0036840560637,23.3273112678123,27.1310796248658,90.5231147156191,-32.116779569006,50.8845888512005,5.3304814722255,49.5220531349656,24.6586319852382,12.9391589025728,-4.05398407166742,53.0789036034788
"Pomacentrus_auriventris",-13.0750601609527,131.517840722478,-145.747588184295,33.542056146821,63.8634078586402,82.4945746167351,-191.047826740035,19.4457298676214,111.35317967987,39.2150314220537,-206.307084867001,53.9966569680108,51.3406903339826,21.6586009676164,144.207513421175,73.783271736709
"Pomacentrus_australis",371.422040201929,NA,-90.3351767962033,NA,4.33188002198113,NA,-11.4547199952777,NA,12.5604876282128,NA,-43.8321113949855,NA,7.51502386528152,NA,-52.1307426883579,NA
"Pomacentrus_baenschi",113.651190316718,111.881629198299,-18.9398621125198,33.2570056776965,-40.3705368061274,44.6467794023774,-12.898794386277,30.6114756801597,-17.2025620468952,16.0742241553894,-29.3072598687412,28.9339543800593,49.4257407803094,16.194226596935,-54.2314446485768,27.5454493153232
"Pomacentrus_bankanensis",-10.2758220858896,118.49354186961,150.9402256904,82.4708188053509,27.2943372169487,57.6710602554391,5.19837366147919,34.8913775333465,32.4185116965232,57.1857143178996,33.3172755868506,33.1194512017559,-7.78556252267492,27.3448275572256,14.3072246512566,38.8368052029191
"Pomacentrus_brachialis",114.9939752676,49.8069530479512,33.2924248576711,29.1307108867745,-101.815770188743,26.1093056007369,61.4271394966016,55.8982202494621,1.63195430698814,51.1228550281736,-34.6615709525136,45.0609775110987,30.7386783179103,16.1974655715044,-9.11436240897399,22.1780311032688
"Pomacentrus_burroughi",238.195272383281,55.404351321055,48.7829803494365,20.6660573996648,-10.8026521693828,40.3880224829339,36.1410601890582,20.5835470313832,-0.547722015485523,16.9487043946398,47.2134439125862,28.8262554596651,-4.55396083134765,23.2429747831689,-0.286523960726253,23.1049872105073
"Pomacentrus_caeruleopunctatus",153.926425282069,120.497109889111,-55.8542540234306,36.2654060254529,24.5401530281624,63.949955149845,-47.8239990477976,15.0361589239714,65.8229666089827,63.8340028702538,-89.6907285201043,51.1782713542053,19.013556310773,11.6159860776872,0.175806633679473,47.951135651324
"Pomacentrus_caeruleus",219.139711201724,89.5015658678165,-132.913018123785,60.970586374849,132.06649705074,19.9622774177949,-94.8856595565234,72.688489143204,68.5553853529191,14.544293000794,-146.037647296417,70.1537126116612,24.9312951096584,31.4845390872842,45.7179200983082,52.6326877473468
"Pomacentrus_callainus",-104.799559602517,196.534536636847,-114.343181446801,106.209538230748,-5.04980321391287,65.7242628708046,41.3068660111608,134.533573225293,-43.1011348379897,47.2129719004012,19.2200896143795,39.5957057207774,31.4751269741955,29.5806236877511,42.4065625238068,31.052932380885
"Pomacentrus_chrysurus",116.587969456627,61.9266468315686,97.7178607092776,43.8642779303721,33.0290247415277,63.3013765828423,-4.18336774836161,54.7019091335281,-26.1399490876652,32.7292496260219,45.1580586579008,47.4441412395149,17.3630077540262,35.6971983081792,5.71853331799293,42.5281878574102
"Pomacentrus_coelestis",146.33784365113,222.143898283971,-151.787806873134,201.383935194466,57.05679316999,89.205869484726,-75.1528486959421,68.9095229396803,22.9966129829496,67.3974141253773,-105.467512676596,58.961687086269,17.8748898766407,46.3290907560696,32.3061530085541,44.4701205774839
"Pomacentrus_flavioculus",156.051091295447,85.095054478158,1.29343404411208,96.1371129169793,44.9109757401844,34.0156860282621,50.9085296647631,56.7856977142407,-8.54004764833191,36.8345966950302,-36.6935509005671,29.2683420322891,5.19496821408838,29.347035466323,60.9110068752714,50.3226108612837
"Pomacentrus_flavoaxillaris",14.5119514596522,94.2492562197345,-98.888845853616,59.6122689960694,44.4244564726849,62.0111506569214,43.6478235260206,37.4945456246013,-13.8948552110115,24.0669844202841,-18.6035139215795,24.2680186881774,-35.2818140437719,29.8560807689554,71.5932132921044,50.5660359484671
"Pomacentrus_geminospilus",-203.962250181049,67.6228163061303,-176.710136592035,34.2757594059953,22.9056678801301,51.2420766346818,107.972495808784,3.16610563469226,63.7419629551193,7.24937516402333,0.247394084324716,25.2474860808749,6.05466077365172,1.8785860759572,23.4481374510245,7.00960336447264
"Pomacentrus_grammorhynchus",90.9920229446292,NA,185.549206805392,NA,9.14411041401706,NA,-1.67758274435951,NA,61.1383307650797,NA,-41.027021880467,NA,30.1111925602623,NA,33.509539246737,NA
"Pomacentrus_imitator",180.283639496545,159.323150878971,-82.2021529735119,51.7537746601589,162.183995609992,66.7828637605216,-14.887001177806,29.9129295988823,37.2051680598815,44.7804454606181,-28.3493109800048,29.8533681190589,-33.5301741820158,21.9538591820986,60.9411992180644,37.50885021164
"Pomacentrus_lepidogenys",-277.203547818971,98.8463916061371,-53.5213370409848,49.4398827916904,19.248474531739,82.2776533131282,86.3615120929054,33.8043458847162,27.6936049777558,26.5499030050662,-94.4692441611757,31.6034984351267,40.166223178412,10.8954649760318,-22.1418661591053,16.8197014887659
"Pomacentrus_leptus",75.7457070265545,130.746658655004,71.435747495826,122.450390807738,45.3205724179282,61.6848933003604,27.3414541982178,46.6387492468825,-69.203314051573,29.3435411837311,-12.7595688434195,46.6110915673303,-38.6319835026395,24.4759184375511,33.6577599002137,49.8464925987927
"Pomacentrus_littoralis",64.654324893423,67.1834473234579,65.6198425952969,86.7409781546347,24.4917021196893,60.1753482085667,29.1252805143479,24.9491757021423,-0.748001145317008,50.1025394387814,42.7884205932838,43.9289190532055,-6.0686297895954,34.4405019455393,-5.57132988372513,44.3081062779919
"Pomacentrus_maafu",1.0768689672763,81.2878452188792,200.057516754876,58.0991513544778,61.8196130883464,70.2527206341179,50.1384091368681,22.1350684076747,14.1549051680794,62.0615561122107,-63.3055227083943,40.3631248183776,-12.1841507334244,25.1844058585214,67.681016436172,20.6059517557895
"Pomacentrus_magniseptus",170.773497757752,64.3289907046503,-106.001578677977,31.6570274211836,-93.2350728762096,37.0336041049942,2.42410543422059,23.5826879539252,-8.84388517965359,24.9206726032841,-24.7976620857684,29.1795667903058,42.6207378672217,7.6615088757493,5.96650963374,15.0361315140471
"Pomacentrus_melanochir",48.7292447939139,NA,-9.36105700647956,NA,-15.8077173746663,NA,84.4104071591786,NA,72.0515242233302,NA,-5.70078434899522,NA,20.0884569128692,NA,29.1597784108068,NA
"Pomacentrus_micronesicus",230.824117902233,62.6878959759224,-209.707987501101,65.2233618424285,69.3016929737404,52.2701810895003,-164.437902399026,56.9395428704229,49.8242683717125,59.9184144253415,-151.975498294236,41.6185176363743,39.3112776098348,31.7791245651131,39.5005772768016,59.3289186779094
"Pomacentrus_microspilus",100.380673569317,57.0136134323782,38.5212076862168,24.0282688168012,-68.9951120531527,46.0510066750489,59.0984565090564,27.3053508925849,18.9653544665523,12.6056169391908,1.4072379257736,24.315300064583,13.4648096432914,10.7769762864525,-7.63350974401984,20.0329113320241
"Pomacentrus_milleri",32.7694736621887,94.7908711681912,-16.7436616845125,54.6810656591335,-78.3988300779186,65.5013924727234,43.2296235127341,41.180773213722,-53.4470289427306,56.631748273799,44.1295507842669,77.5332197210849,9.8303232625672,13.1338083787055,-9.25030476705488,43.1708555210647
"Pomacentrus_moluccensis",-208.869088326831,233.048659158264,311.11326336335,102.269786161776,-29.5142079005875,40.8356174167973,-89.213855417973,14.4442450500399,-21.67492898088,70.0764527165161,-5.30513048309593,31.2419013183514,48.4859694833304,17.4006504613304,-28.5061812198023,12.1593300374104
"Pomacentrus_nagasakiensis",150.788049698039,79.0408987959049,-96.7240406081547,68.8548443530611,6.50960151948783,65.7855236937717,-7.62125235814982,43.8411392792062,-7.4840079942135,68.7274804329129,20.643074361015,32.0028970325071,19.3767022604265,35.3003248923518,-1.10690078169297,45.4260183281158
"Pomacentrus_nigriradiatus",110.166058350698,29.3292605955539,-66.9266072028466,52.36935210659,14.0276145292174,14.7884364406443,24.072458278152,38.0817178974436,-62.7667155805489,33.7061941834929,7.56331835761078,22.7743457524086,8.81532423784024,6.6468661848904,-45.7161169613944,18.3907177917488
"Pomacentrus_nigromanus",-73.5315894931522,143.946448278324,56.9789815797858,92.5737544376951,78.8697478098989,89.8001251811441,4.34633260330405,19.4249365304793,82.8784765817142,35.1771311423917,31.9348250248182,31.0916523826431,9.51093688133171,51.0007942641664,-21.4356997133242,67.5139026720445
"Pomacentrus_nigromarginatus",-2.3844326042493,86.1062342656399,8.12274535081283,53.1571503493328,69.5723135513384,106.007648622021,17.0283039291463,43.1610758817605,90.4673875804644,40.7951397053179,11.0912075898579,35.9483574878857,48.5537114933822,28.2445385169049,30.8775056093039,41.0445265353425
"Pomacentrus_pavo",146.911102773286,164.693690706406,-224.042256691442,116.18610067078,35.5980234511546,68.5665286925916,-48.6525838417992,82.5483225647042,-22.5585365672063,76.781458043455,9.74248061213892,92.2307661059464,31.6047871419275,21.0647461433873,-16.0357045155877,62.9704799507564
"Pomacentrus_philippinus",155.722534025375,38.5445757425978,11.6669434210942,42.1294942519625,18.5648327266625,74.0038157602499,30.0315030091921,40.2797269950848,-32.2176484979323,30.414199521687,-29.6279321701585,32.9690246793713,14.2862861123267,13.5436131686339,3.91875250659368,32.4337978140986
"Pomacentrus_reidi",-8.04027113161248,123.821067671351,-98.3918814333569,50.2448607697974,25.6209187873593,73.6857159266556,71.984039560118,29.634080556695,43.4413742642529,39.3417700666598,5.87796797002651,33.6727376320897,-5.96088376584768,19.1694075563274,-12.244751081216,8.18167787843858
"Pomacentrus_similis",33.056023662552,125.379023680021,-64.590230391193,87.7446739237877,84.0575645917422,124.404361683491,35.7125554252423,35.2524488065033,9.25760993204513,7.13079233234021,-80.4846711532946,58.3317421406706,-3.88758160144958,42.2778207466652,21.8601950160186,29.121153075716
"Pomacentrus_smithi",-118.083106734288,35.843345291548,-130.243704155005,68.1221844792585,-70.5743055201277,62.8714688667385,136.721301373542,56.6147198180634,9.57225257201505,34.2401592715718,-42.5025387007945,31.1435659054931,25.9968351720401,25.0655575263915,-5.51015710396808,14.1932387478919
"Pomacentrus_spilotoceps",28.020433806638,134.658213763973,35.3648784507067,57.4040660856599,-10.5411861234852,56.5151825356481,3.99392630248198,38.005071500935,-2.99901993553863,35.3738584020854,27.168178272358,23.3813280880139,21.8493462360229,15.8277265553026,-15.6926111340028,14.3794319451321
"Pomacentrus_stigma",-193.908185796596,123.260375867409,-69.5737598907764,88.2636325459285,-17.1020676403033,23.7104543779727,44.5419678440004,44.742623279655,67.8249173948689,57.8757190482287,26.5287332975363,41.2819116811388,13.0290806164605,37.165905967464,8.15860785647975,36.0049278297761
"Pomacentrus_sulfureus",-70.5910859401133,121.269105372351,308.071113798104,32.2989264039156,-17.4094101406312,28.1933061483377,-51.1800746673606,18.4594745301552,-37.8198535970341,63.7350924449274,36.9906605543062,22.4166856357893,70.1529074108791,14.9588568478452,12.5708007541544,29.8696229685379
"Pomacentrus_taeniometopon",121.477367237449,120.410923683258,21.5481640840745,50.1437139979884,93.5909950430955,46.515062445635,42.4209004048012,29.6296730240975,-19.4169499897931,24.2503389213537,-36.6424785916923,78.5701416352947,9.27603174004755,30.1700712953205,16.864066319593,25.1839156473881
"Pomacentrus_trichrourus",105.896404828314,NA,63.4209734031672,NA,76.0538392579131,NA,-14.5698531062905,NA,17.8617614935015,NA,53.3165974954688,NA,-49.1235512018986,NA,17.293239015897,NA
"Pomacentrus_trilineatus",157.870127817158,58.5129041953854,-51.7181915751303,75.1897368555815,51.4478878352786,52.2956600780949,-1.75428453576164,18.1700020266244,30.7742549481916,54.1220699114488,32.8208756484571,30.6895024862574,-12.331103040524,41.1848241807915,103.411032523219,71.7119394406919
"Pomacentrus_tripunctatus",86.5474717612508,149.319955974659,-13.3208348331721,41.4309566439574,-48.9946732824064,45.8418823542135,65.3096040250507,68.6793145407168,-18.2399285147976,15.4299558767136,-32.8827719069875,34.2102749607942,69.2930377063932,3.34641213464744,-1.82737354809803,12.3058693126749
"Pomacentrus_vaiuli",68.0831433303126,129.719202629337,66.1768103403497,31.4732964431951,-1.73308897660415,26.4291278262514,-1.14145034347003,25.0324638011387,-18.6314708412324,45.2460025637441,8.30916345345776,40.4696285134793,31.907518810053,18.6447015397394,-40.0734698325392,46.4715361159377
"Pomacentrus_vatosoa",-326.125013214212,45.2781825458647,-201.71782291467,5.75545373868103,-88.2199324804313,83.8777617548978,-112.889703032109,129.480120928414,0.183201237606673,83.0314595419383,20.0805749608435,65.8229917770336,-18.7851836803537,22.6152692154099,-10.6130078714577,23.0995081936848
"Pomacentrus_wardi",-26.8490602317108,171.930295587963,22.0122493639142,50.6603756769072,-48.5646605437685,46.6460216034886,31.028976766245,74.9860205976418,-65.8140689243486,27.8132404566105,-7.67333336023679,46.8428853842107,20.2586242745581,10.038720264478,2.38247563575152,21.6230013945159
"Pomacentrus_xanthosternus",114.491305639228,18.0438371141179,83.7235858961354,27.125058838693,47.1075968199162,69.6221007135894,43.0364231133248,55.4761862308054,-36.8207847045972,11.176883962111,-17.9270412062065,22.0282945709024,-41.1438579535581,3.59615663248461,76.1426878107509,39.0153894477212
"Pomachromis_fuscidorsalis",-157.018300333462,79.0330353849812,-57.423972885631,4.06210314475178,167.263521918695,62.0529847496226,68.6644066574848,18.7899939172303,-49.048020854243,0.3557352125495,45.1047225171802,14.7622847439817,-15.3580158458214,14.0728701072991,-109.935065737484,100.38613248936
"Pomachromis_richardsoni",5.1566344905897,140.714824984898,-9.80681118765551,58.0634252451089,21.4520170567009,94.8082385915886,92.850016571183,42.1245775045216,-35.6975383713281,61.0230200239123,-4.13371241494429,20.1626740549534,27.4313420845201,19.6603614752827,-7.00418634149537,46.1408844502186
"Pristotis_obtusirostris",-49.3835048066358,44.1649986218461,-102.403160907294,188.696705148053,-34.7478421600469,91.2104969558384,45.2235947403948,75.488191400705,-4.2407475605676,27.5289039322693,37.5650729257246,49.155588459127,-1.47501286345035,28.6087541031532,28.8865001934785,69.0304314809822
"Pycnochromis_abruptus",299.08162703867,NA,77.2796392365037,NA,-7.84716136684147,NA,-13.9249548271086,NA,54.0545380133771,NA,74.8739713301075,NA,-70.3832707092688,NA,81.0831145208804,NA
"Pycnochromis_acares",-0.640855640138874,69.2591527773689,23.2192572009317,76.6596267215159,-22.9098981536018,74.3902851665041,34.5333566093963,31.5122945203458,-9.10753090051059,14.2945288952649,-55.5802951876192,32.6911874807383,6.74630158457484,13.1018137080198,17.9316789882968,6.7907393944356
"Pycnochromis_alleni",159.556067948904,NA,117.789815971384,NA,78.5998571438013,NA,-25.5766155770907,NA,13.5230426086315,NA,92.4008824985908,NA,-108.9763967573,NA,-16.0627921440147,NA
"Pycnochromis_amboinensis",-161.257344013163,134.512296035685,51.1000626102336,88.6749268464877,-14.7355464667141,45.6889702604032,90.0784919048669,48.2589238685054,-2.95889730374017,29.1706337892169,16.7290825232001,65.1035810434756,4.91927457285085,30.2772784657151,-43.5166883183629,8.03551245922463
"Pycnochromis_atripes",-106.106374122092,163.493307640367,172.777836590944,43.5265000427229,-34.6082810609432,65.7773909301363,-19.4201583021015,18.8397399136905,11.7134151812727,56.0113534422603,-36.9588839231188,43.176013995796,20.6868418026132,27.1878302438195,-13.7988274050579,24.2354981286527
"Pycnochromis_caudalis",97.4801629682449,85.8169579109277,49.9905851697178,46.5481207539072,20.3173274438652,54.4501485751162,-2.97954504933913,48.548238725157,32.2672397340629,41.6410941873691,29.510980937745,50.0006554839284,-60.3233598598201,43.239293143321,60.8188927710979,79.4759582824923
"Pycnochromis_delta",94.7179943478652,85.2644244053536,8.99721200519999,89.2059242443827,27.9168778749073,11.5648520892939,14.0242491635337,35.3677418103693,-3.77769159017255,21.1923044039829,48.2856909167598,33.0779227346818,-15.0406965446322,38.7764539177498,-10.2827230329205,9.11289994622376
"Pycnochromis_dimidiatus",-11.0106401758986,69.6993342367409,-85.5714195554304,48.1728828916221,107.722229229915,87.6804878900801,-135.416129757211,31.7412769448948,192.308595947437,45.1189388631287,222.997917425424,30.8235987051197,16.3642173868623,58.023556656493,-59.5671938985227,46.0168755641943
"Pycnochromis_fatuhivae",22.1366589955441,114.044377515616,-114.661490756623,121.56242283305,199.662171729402,175.859857898624,-73.1717797790911,82.5669566594456,99.4413347459841,23.7907872010869,131.826427512152,58.3842081731745,11.086538557022,63.945718357907,31.3313914836469,66.7914342254583
"Pycnochromis_fieldi",-67.4128840516842,102.214105045874,-51.5079002763314,67.7931366317668,-3.49878451500225,24.9771489827169,-152.186888232492,59.3480368073834,229.61403900761,31.6985797886542,204.816444826341,35.5009472767356,12.6606111526679,80.6648761570595,-22.1071431912355,16.5829833333115
"Pycnochromis_hanui",151.147298645763,57.2339974109814,84.2629215355522,42.9321900075029,16.0283738387783,30.5174314835674,-43.3650593959683,9.10818328357624,-11.935642769158,15.907988768789,105.108500299757,54.3433247453775,-66.4014067023178,20.5691923785946,62.1920784103232,70.8740148660804
"Pycnochromis_howsoni",-157.782033372831,67.1111197863172,257.291912951782,47.6811069932127,-12.0298698962261,47.0630843041172,21.687039612698,60.1096637790346,26.6829626548482,35.4222268237897,-17.1308426549721,50.2309175255607,3.61067195731889,36.6733543091344,-21.2159315448095,32.1362910036654
"Pycnochromis_iomelas",-150.577354046231,146.398902836209,-160.86459228693,90.4048381956201,-3.58757578079039,47.9089618056193,-163.398415817477,63.8467958178675,199.539104845608,40.4363840824247,155.465803229241,67.7914060091227,-86.4211202227142,27.7610055461635,-56.4892691125458,31.1080873332324
"Pycnochromis_leucurus",148.916215524371,112.020323518848,-26.2869404770909,55.1375462646702,62.8456433376683,33.1255698582358,10.1148759807693,31.1108885359692,47.277471359262,15.0043243946063,60.5131958984259,34.4491488431954,-33.8998881380083,10.1511170590538,60.8779023770971,42.6019595082867
"Pycnochromis_lineatus",12.1582779837639,49.0541840133129,43.3616543582496,64.6164423981952,25.2752559130712,91.7225518485619,105.254261644757,28.1193598197058,-39.3160789740569,48.6694184255882,11.8241853632822,23.4109888290847,-16.2539060056254,34.9854346589521,21.9488043590373,26.5135151218708
"Pycnochromis_margaritifer",226.0710318338,51.4283500108035,12.6123141236869,70.8458038497588,15.1969663499077,46.1873855368525,-18.1939997532208,17.7527552862055,65.0069377436354,38.6905949736477,83.3921514220141,29.3984708224224,-29.7563624701068,34.8012119186648,79.6529132801035,23.2536097585681
"Pycnochromis_nigrurus",45.6551337169342,61.1260337219864,36.045110023059,26.7549648783485,50.763316435175,94.2437518685883,124.025368681458,48.3101115091808,2.13931902189859,20.9154742744947,19.8969173952784,8.91294102729515,-21.6773506609587,22.9543049370706,22.7575739557088,62.7745390059615
"Pycnochromis_ovatiformis",-129.797918260506,130.929976060784,75.9483973957949,118.433749400443,-53.5885366598271,23.3055447932836,42.886830854252,9.38698216637745,69.2858849169335,14.9141461747509,28.5187044302354,18.6136518232523,8.45050086611857,11.909387930787,33.8897919642077,22.3981711974905
"Pycnochromis_pacifica",-17.1893844257371,NA,235.159449709962,NA,-27.9903967825465,NA,-71.6643410895021,NA,69.0335895843915,NA,-85.0595548853276,NA,25.0840222911649,NA,-85.6279556141611,NA
"Pycnochromis_retrofasciatus",-260.570809253657,113.2926240085,-67.1886606932709,207.145916399526,-28.9343285805723,115.730802049232,-22.3015994127814,107.980014163103,-31.4036429084243,66.567538350096,-31.9171826917869,52.3381446101333,-81.4040137983366,34.2697906289817,-35.6762706155863,46.9462112477378
"Pycnochromis_vanderbilti",23.769356397829,59.3576973479476,86.3091675752954,52.9399962805999,-2.19558170741264,51.9726949349122,98.022414238072,62.0746223405572,-4.61100965175632,14.9638662079037,14.6652951572803,35.5550025039057,-19.135069708588,28.4022056156737,-26.0814486071548,82.9174755047819
"Similiparma_hermani",274.190458615124,25.2197976143239,97.261885570439,5.40253183561171,182.536868941912,92.4051748034306,-39.6237478713965,6.29043018379388,-95.7895112039067,32.1984685677449,115.144480346888,25.5193425456631,-130.629967835907,15.255705865211,10.5803998643933,5.38742296726872
"Similiparma_lurida",270.329121146524,78.1499897335209,16.5915744275077,47.505636285128,-40.1648611615469,97.0604557736211,18.6790897299206,33.4407736403054,26.8515077877794,23.7293270492176,14.5143762843703,29.8770103284599,11.2940181156669,13.3342377119836,-24.3033641581705,11.7965399437071
"Stegastes_acapulcoensis",97.7820801776963,85.6678588104359,69.4544990808457,54.9204021309508,-167.887384595976,16.9055363471594,-18.3779357367871,20.9270564204417,-99.9555838908869,42.3809375807731,-3.18658785734467,21.4640266278021,37.5511534544261,8.93787118501911,-35.8314073000559,8.41781329137752
"Stegastes_adustus",123.736875882403,120.293136178069,72.7591576857515,103.150568101612,44.0943194796721,65.2798804494982,-26.9255338725326,113.533153531433,5.18681468760307,48.3390672123805,54.0815740681804,124.096245331672,36.5440038655711,96.4245564446477,-24.7135305183621,34.1193350879326
"Stegastes_albifasciatus",1.416390221052,46.108196749617,17.1182303494105,45.1087988943325,-83.5456481085331,20.0601452240152,-18.4460580015401,36.9730044675234,62.9214391443145,46.5966705008562,69.9169005187819,27.2575136330432,-59.0304710845572,56.2514413912591,-97.360761962762,59.3460405791424
"Stegastes_arcifrons",248.98667404445,96.8694149926797,131.643399298527,36.24356721329,-11.017648302912,77.3027571458895,-15.542669106942,52.2106864383777,9.73129429332555,92.0308349338538,9.50232552624754,73.3637998592147,14.2490206472503,22.5486475401112,43.4833807734933,28.3584965699785
"Stegastes_baldwini",168.377102585229,54.8797591412005,194.952960035937,36.4103221097195,-139.438485701499,6.75817629450114,-14.8728301628336,2.27013355928279,-69.5103116875354,9.65080068008416,-30.2506796297672,3.12430385555928,30.9402006780657,22.696178924455,70.9576809603797,4.49668052566297
"Stegastes_beebei",187.352124987232,125.113623683337,38.9857137350798,37.7512834069338,-104.388726116749,30.552125808054,13.3349842444161,35.7678404211836,2.23800131721169,49.1247992164016,-15.1663302903809,17.109731070257,18.8495350873218,6.87636686891096,4.9354604608587,29.0946558478497
"Stegastes_diencaeus",92.6469935136311,186.368844186659,25.7257430628314,106.00914728978,-115.303477133013,12.310196576196,-3.3628503909696,14.5568981982743,-13.5959564324167,49.1581441686176,5.18310931759435,34.6518985307438,45.8033814045468,31.8255543658678,-20.4797461846193,6.48048861237805
"Stegastes_flavilatus",22.0406604741542,149.88968738813,36.031680881868,51.1673007079211,53.5923714554562,42.5056921477773,15.9634731970239,7.20709081959297,-40.8932913448778,30.400088928136,-17.7283213308585,55.325827487577,16.4887660653309,17.8055912618427,-2.66305905958714,29.1028883515431
"Stegastes_fuscus",139.706271022543,107.683359849112,88.1364877361877,49.7179125671432,-28.995506989082,54.9851864908372,-8.28970551811001,37.8877216281557,-34.0774482264928,37.5594876681977,7.20462670869131,24.207643138227,22.187811544879,29.585802904796,3.47947155653391,49.2736604447659
"Stegastes_imbricatus",145.304132353165,39.1970806191021,147.975284429703,37.8909835165978,-60.5070278779664,32.3995006855864,22.5146043496125,12.4334067098302,-8.87993852027494,21.7998855817237,-28.0238373154966,13.4548385071413,16.8967606956832,12.1479198543343,-19.4162268351453,4.99831258332658
"Stegastes_lacrymatus",0.414432327077518,181.912391359399,51.0085099024753,49.4476706340122,-12.8936285340391,77.6198950709402,-33.001426933509,36.6581911748038,0.954918310228941,45.4549127886687,5.5946942597811,39.7518107268187,-40.9631627772112,26.5200816781568,-7.04918182811605,45.2394157958234
"Stegastes_leucostictus",161.54545082465,105.816016979777,67.5778176527268,43.3752554006553,-20.7514462840254,116.305674396878,-11.2174613239914,51.7416196830893,-85.1948005957765,21.3802069152382,37.2437338935809,33.1524476767476,23.964392254112,14.930583931482,-50.9712311928306,44.2203433351281
"Stegastes_limbatus",160.40982575392,152.521526096994,-93.5108235994248,46.3885830090048,-147.316186953121,36.7880611356829,-18.7818510942453,59.9480290395625,89.7938506954394,91.7474960820066,40.5641589821492,85.8681419648013,-23.7560801734034,65.8025625402646,-53.7166102275908,50.8831276306279
"Stegastes_lividus",125.481040988609,59.2222806169026,22.5575190174026,82.8005483837306,-39.4852423134625,108.435474953536,44.3188596017372,21.4037638120599,-46.7724772732711,67.4126453474614,18.1261402720764,49.1746787006659,-17.591942526096,45.2881992119782,-16.6115539363533,66.8784513551524
"Stegastes_nigricans",-19.5686587267246,185.661728648504,-25.8167665621042,50.0887017029998,-147.796891426216,83.3533967446673,-8.31014738077419,63.7866145361727,-12.0004671659928,67.385171478985,2.15874695460609,19.933640299547,-80.4740226750492,89.8582288693471,-53.9191290575047,75.2064044308413
"Stegastes_otophorus",130.343593735792,28.5880509329658,139.552616388541,54.5684115541582,138.493872962736,5.80115375648646,56.8388967117243,70.0767459496377,-8.88643071774078,54.9131695181771,36.4752127857899,3.78903892921223,-35.3651435316519,16.3965227385254,-86.4434569436517,27.1252169491276
"Stegastes_partitus",1.48102878737191,183.294795349208,30.0211874626229,36.9787046133475,53.8407323443879,51.3267571292527,-87.6823943898632,24.9307446463636,183.078183220092,58.1252293139047,197.188090053364,36.7777611032369,-24.78418332075,47.6894674984953,6.28450672219992,64.0188581531214
"Stegastes_pelicieri",198.640608441823,62.3524025470146,14.696283083391,7.8695333220552,-88.0593260780096,13.4048882762823,12.1729250743484,25.1460663506744,29.4991734315293,26.7874246267621,22.2257480456498,12.3940642234508,-2.00685380698859,27.4869251888398,0.654043265502017,0.362056197652596
"Stegastes_pictus",48.5624130064269,81.5695185211303,87.6977202245733,41.4511303871179,-18.8358777443974,86.8849175448341,27.7763921672697,29.5950211161907,-94.9033730877562,31.2049317871329,-8.42953008625747,29.9569735418506,8.31628577986188,14.6948907781998,4.20462056617716,38.3962697582552
"Stegastes_planifrons",19.8951927124047,112.203038787765,151.435352545697,67.9577299910115,12.486083268143,60.7591953745326,44.6731142712856,34.5664956239045,-11.9082317482673,50.7549848404972,-55.7287767100221,32.9679436012405,13.5936780667698,11.7638431213993,22.5922962723413,26.3826524595681
"Stegastes_punctatus",123.121395761696,13.3211829017121,68.082757368898,65.4165789821521,-31.8845468026609,58.7673058394623,-12.6299766798849,59.2864083078921,-55.2058275849274,60.4629210046295,-5.14613728138443,23.4609645810819,28.7364609450329,37.7109054880776,6.15765949295622,54.8745174124294
"Stegastes_rectifraenum",-5.01277384356144,139.076899667402,45.3544996069007,68.1247289742743,-15.0943646603286,71.0242676433837,-13.8258033908915,47.232067772273,-72.8526732296812,87.7570093136899,2.82069839733835,10.8066240595106,47.4241049045082,42.739100424649,-35.6435048443498,15.4697432247975
"Stegastes_rocasensis",33.2264512059897,37.0547524259511,135.986589167391,52.9434754291761,59.2703991995987,72.8663671339127,53.3938708334511,80.9245103851378,33.3992404844825,51.3912942384631,-57.5444125853754,27.8171647411427,-19.4957565390743,45.8439066734484,23.5608979045732,30.6417474081239
"Stegastes_sanctipauli",59.2515281613562,64.7915756135031,143.643092118114,55.8488174131112,88.9820362678058,142.703680855,-1.74803683997279,89.6851622212413,-77.1797033847242,24.2074060333244,-46.157222018442,63.9535083465846,-2.24747704150777,36.4634742583644,75.1008467265299,49.1781763577823
"Stegastes_variabilis",20.2727094896641,93.8131783612789,139.47002936178,24.8091589682871,8.04912294163962,55.2768901293734,59.8915844189436,24.4989873938266,82.1181181339309,61.9706228717197,-20.7976099719745,27.7578110811057,0.742113265319206,19.5226548943827,61.3441295172916,40.9181737744318
"Stegastes_xanthurus",-25.6554944068554,58.5258092864612,147.271179066647,15.3828996732429,-38.2305939766314,4.81337399113573,0.425552586682876,15.0164122843437,80.5620738080909,125.420807802561,-36.499949650268,64.2233595656898,19.0354291119906,1.35540761580752,42.1408327726589,19.1820459402784
"Teixeirichthys_jordani",-63.4835545460221,179.704281911803,-173.294011899025,22.6112326827853,-72.2829646281138,68.2971144596234,40.0230394004389,22.4143736232569,34.5322789281643,40.3569532053735,-54.4213573093002,2.8156033386583,19.4391381786041,2.33112066330573,7.01052241753745,12.01918976058
